index,dayId,date,name,traffic,newsTitle,newsSnippet
83709,20161129,2016-11-29,Alan Ruschel,"20,000+",nan,nan
83710,20161129,2016-11-29,Chapecoense,"200,000+",nan,nan
83711,20161129,2016-11-29,Cleber Santana,"100,000+",nan,nan
83712,20161129,2016-11-29,Evan Rachel Wood,"5,000+",nan,nan
83713,20161129,2016-11-29,Louisa May Alcott,"20,000+",nan,nan
83714,20161129,2016-11-29,Simon Bolivar,"10,000+",nan,nan
83715,20161129,2016-11-29,Tecnocom,"10,000+",nan,nan
83716,20161129,2016-11-29,The Walking Dead 7x06,"5,000+",nan,nan
83717,20161130,2016-11-30,Chapeco,"5,000+",nan,nan
83718,20161130,2016-11-30,Chapecoense Plantilla,"5,000+",nan,nan
83719,20161130,2016-11-30,Copa del Rey,"50,000+",nan,nan
83720,20161130,2016-11-30,Eduardo Mendoza,"20,000+",nan,nan
83721,20161130,2016-11-30,Helio Neto,"5,000+",nan,nan
83722,20161130,2016-11-30,Hercules Barcelona,"10,000+",nan,nan
83723,20161130,2016-11-30,Jackson Follmann,"5,000+",nan,nan
83724,20161130,2016-11-30,Keo Woolford,"5,000+",nan,nan
83725,20161130,2016-11-30,Maluma,"20,000+",nan,nan
83726,20161130,2016-11-30,Paul Walker,"10,000+",nan,nan
83727,20161130,2016-11-30,Primavera Sound,"20,000+",nan,nan
83728,20161130,2016-11-30,Real Madrid Hoy,"20,000+",nan,nan
83729,20161130,2016-11-30,Real Madrid Hoy,"10,000+",nan,nan
83730,20161130,2016-11-30,San Andres,"10,000+",nan,nan
83731,20161201,2016-12-01,1 de diciembre,"5,000+",nan,nan
83732,20161201,2016-12-01,Apple Pay,"5,000+",nan,nan
83733,20161201,2016-12-01,Bella Hadid,"10,000+",nan,nan
83734,20161201,2016-12-01,El Invitado,"5,000+",nan,nan
83735,20161201,2016-12-01,Irina Shayk,"100,000+",nan,nan
83736,20161201,2016-12-01,J Balvin,"10,000+",nan,nan
83737,20161201,2016-12-01,Jagadish Chandra Bose,"5,000+",nan,nan
83738,20161201,2016-12-01,Jennifer Lawrence,"5,000+",nan,nan
83739,20161201,2016-12-01,Magnus Carlsen,"5,000+",nan,nan
83740,20161201,2016-12-01,Mariano Real Madrid,"10,000+",nan,nan
83741,20161201,2016-12-01,Real Sociedad,"5,000+",nan,nan
83742,20161201,2016-12-01,Ronaldinho,"5,000+",nan,nan
83743,20161201,2016-12-01,Victoria Secret,"50,000+",nan,nan
83744,20161201,2016-12-01,diciembre,"10,000+",nan,nan
83745,20161202,2016-12-02,Barça Madrid,"20,000+",nan,nan
83746,20161202,2016-12-02,Nico Rosberg,"50,000+",nan,nan
83747,20161202,2016-12-02,Referendum Italia,"5,000+",nan,nan
83748,20161202,2016-12-02,Robbie Williams,"10,000+",nan,nan
83749,20161202,2016-12-02,Tesla,"10,000+",nan,nan
83750,20161203,2016-12-03,Amy Schumer,"5,000+",nan,nan
83751,20161203,2016-12-03,Atletico De Madrid,"20,000+",nan,nan
83752,20161203,2016-12-03,Futbol,"10,000+",nan,nan
83753,20161203,2016-12-03,Iniesta,"5,000+",nan,nan
83754,20161203,2016-12-03,Kirk Douglas,"5,000+",nan,nan
83755,20161203,2016-12-03,Neymar,"5,000+",nan,nan
83756,20161203,2016-12-03,Programacion,"10,000+",nan,nan
83757,20161203,2016-12-03,San Francisco Javier,"10,000+",nan,nan
83758,20161203,2016-12-03,Sport,"100,000+",nan,nan
83759,20161203,2016-12-03,Taiwan,"5,000+",nan,nan
83760,20161204,2016-12-04,Athletic,"10,000+",nan,nan
83761,20161204,2016-12-04,Austria,"10,000+",nan,nan
83762,20161204,2016-12-04,Batman,"5,000+",nan,nan
83763,20161204,2016-12-04,Betis,"20,000+",nan,nan
83764,20161204,2016-12-04,Diario Sur,"50,000+",nan,nan
83765,20161204,2016-12-04,Jennifer Lopez,"5,000+",nan,nan
83766,20161204,2016-12-04,Referendum Italia,"20,000+",nan,nan
83767,20161204,2016-12-04,Santa Barbara,"10,000+",nan,nan
83768,20161204,2016-12-04,The Last of Us 2,"20,000+",nan,nan
83769,20161205,2016-12-05,6 de diciembre,"5,000+",nan,nan
83770,20161205,2016-12-05,Deportivo Real Sociedad,"5,000+",nan,nan
83771,20161205,2016-12-05,Guns And Roses,"5,000+",nan,nan
83772,20161205,2016-12-05,Kirk Douglas,"10,000+",nan,nan
83773,20161205,2016-12-05,Manuel Valls,"5,000+",nan,nan
83774,20161205,2016-12-05,Nelson Mandela,"5,000+",nan,nan
83775,20161205,2016-12-05,Ronaldinho,"10,000+",nan,nan
83776,20161205,2016-12-05,Sporting,"5,000+",nan,nan
83777,20161206,2016-12-06,Alejandro Sanz,"10,000+",nan,nan
83778,20161206,2016-12-06,Amazon Go,"5,000+",nan,nan
83779,20161206,2016-12-06,Angelina Jolie,"5,000+",nan,nan
83780,20161206,2016-12-06,Atletico De Madrid,"20,000+",nan,nan
83781,20161206,2016-12-06,Barcelona Fc,"10,000+",nan,nan
83782,20161206,2016-12-06,Champions League,"50,000+",nan,nan
83783,20161206,2016-12-06,FC Barcelona,"10,000+",nan,nan
83784,20161206,2016-12-06,Football leaks,"5,000+",nan,nan
83785,20161206,2016-12-06,Gigi Hadid,"5,000+",nan,nan
83786,20161206,2016-12-06,Johnny Depp,"5,000+",nan,nan
83787,20161206,2016-12-06,Maluma 4 Babys,"10,000+",nan,nan
83788,20161206,2016-12-06,Peter Vaughan,"10,000+",nan,nan
83789,20161206,2016-12-06,San Nicolas,"5,000+",nan,nan
83790,20161208,2016-12-08,8 de diciembre,"10,000+",nan,nan
83791,20161208,2016-12-08,Athletic Club,"5,000+",nan,nan
83792,20161208,2016-12-08,Celta de Vigo,"5,000+",nan,nan
83793,20161208,2016-12-08,EUROPA LEAGUE,"20,000+",nan,nan
83794,20161208,2016-12-08,Greg Lake,"5,000+",nan,nan
83795,20161208,2016-12-08,Inmaculada Concepcion,"20,000+",nan,nan
83796,20161208,2016-12-08,John Lennon,"5,000+",nan,nan
83797,20161208,2016-12-08,Kirk Douglas,"10,000+",nan,nan
83798,20161208,2016-12-08,La Ola,"5,000+",nan,nan
83799,20161208,2016-12-08,Maisie Williams,"5,000+",nan,nan
83800,20161208,2016-12-08,Sorteo Champions Octavos,"10,000+",nan,nan
83801,20161208,2016-12-08,tarjeta roja,"10,000+",nan,nan
83802,20161209,2016-12-09,Celta,"5,000+",nan,nan
83803,20161209,2016-12-09,Escudo Atleti,"5,000+",nan,nan
83804,20161209,2016-12-09,Islas Salomon,"10,000+",nan,nan
83805,20161209,2016-12-09,John Glenn,"5,000+",nan,nan
83806,20161209,2016-12-09,Louis Tomlinson,"10,000+",nan,nan
83807,20161209,2016-12-09,Mick Jagger,"5,000+",nan,nan
83808,20161209,2016-12-09,PewDiePie,"5,000+",nan,nan
83809,20161209,2016-12-09,Sorteo Champions,"10,000+",nan,nan
83810,20161209,2016-12-09,Villarreal,"5,000+",nan,nan
83811,20161209,2016-12-09,Wanda,"100,000+",nan,nan
83812,20161209,2016-12-09,caso Nadia,"5,000+",nan,nan
83813,20161210,2016-12-10,Estambul,"5,000+",nan,nan
83814,20161210,2016-12-10,Malaga Granada,"5,000+",nan,nan
83815,20161210,2016-12-10,Morata,"10,000+",nan,nan
83816,20161210,2016-12-10,Osasuna Barcelona,"50,000+",nan,nan
83817,20161210,2016-12-10,Patti Smith,"5,000+",nan,nan
83818,20161210,2016-12-10,Real Madrid Deportivo,"50,000+",nan,nan
83819,20161210,2016-12-10,Real Sociedad,"20,000+",nan,nan
83820,20161210,2016-12-10,Salvame Snow Week,"5,000+",nan,nan
83821,20161211,2016-12-11,Celta Sevilla,"10,000+",nan,nan
83822,20161211,2016-12-11,Madrid Hoy,"5,000+",nan,nan
83823,20161211,2016-12-11,Novia De Cristiano Ronaldo,"10,000+",nan,nan
83824,20161211,2016-12-11,Real Madrid,"100,000+",nan,nan
83825,20161211,2016-12-11,Real Zaragoza,"5,000+",nan,nan
83826,20161211,2016-12-11,golpe de Estado,"20,000+",nan,nan
83827,20161212,2016-12-12,Balon De Oro,"100,000+",nan,nan
83828,20161212,2016-12-12,Europa League,"5,000+",nan,nan
83829,20161212,2016-12-12,Fast And Furious 8,"5,000+",nan,nan
83830,20161212,2016-12-12,Granbomba,"10,000+",nan,nan
83831,20161212,2016-12-12,Leicester,"5,000+",nan,nan
83832,20161212,2016-12-12,Ministerio De Educacion,"10,000+",nan,nan
83833,20161212,2016-12-12,Napoles,"5,000+",nan,nan
83834,20161212,2016-12-12,Nina,"5,000+",nan,nan
83835,20161212,2016-12-12,Pokemon Go,"20,000+",nan,nan
83836,20161212,2016-12-12,Santa Lucia,"5,000+",nan,nan
83837,20161212,2016-12-12,Sorteo Champions Octavos,"200,000+",nan,nan
83838,20161212,2016-12-12,Sorteo De La Champions 2016,"5,000+",nan,nan
83839,20161212,2016-12-12,Sorteo Europa League,"5,000+",nan,nan
83840,20161212,2016-12-12,UEFA,"10,000+",nan,nan
83841,20161212,2016-12-12,Villarreal,"5,000+",nan,nan
83842,20161213,2016-12-13,La La Land,"5,000+",nan,nan
83843,20161213,2016-12-13,Oblak,"5,000+",nan,nan
83844,20161213,2016-12-13,martes 13,"5,000+",nan,nan
83845,20161214,2016-12-14,Alan Thicke,"20,000+",nan,nan
83846,20161214,2016-12-14,Alepo,"10,000+",nan,nan
83847,20161214,2016-12-14,Aleppo,"5,000+",nan,nan
83848,20161214,2016-12-14,Amazon Prime Video,"20,000+",nan,nan
83849,20161214,2016-12-14,Atletico Nacional,"5,000+",nan,nan
83850,20161214,2016-12-14,Dunkerque,"5,000+",nan,nan
83851,20161214,2016-12-14,League of Legends,"10,000+",nan,nan
83852,20161214,2016-12-14,Mundial de Clubes,"5,000+",nan,nan
83853,20161214,2016-12-14,Nominaciones Goya 2017,"5,000+",nan,nan
83854,20161214,2016-12-14,RTVE,"10,000+",nan,nan
83855,20161214,2016-12-14,primera expedición al Polo Sur,"1,000,000+",nan,nan
83856,20161215,2016-12-15,Alejandro Sanz,"10,000+",nan,nan
83857,20161215,2016-12-15,Antonella Roccuzzo,"10,000+",nan,nan
83858,20161215,2016-12-15,Bruno Mars,"5,000+",nan,nan
83859,20161215,2016-12-15,Jennifer Lawrence,"50,000+",nan,nan
83860,20161215,2016-12-15,Kate Beckinsale,"10,000+",nan,nan
83861,20161215,2016-12-15,La Voz,"50,000+",nan,nan
83862,20161215,2016-12-15,Mundialito,"5,000+",nan,nan
83863,20161215,2016-12-15,Passengers,"5,000+",nan,nan
83864,20161215,2016-12-15,Real Madrid Hoy,"20,000+",nan,nan
83865,20161215,2016-12-15,Rogue One Una historia de Star Wars,"10,000+",nan,nan
83866,20161215,2016-12-15,Super Mario Run,"10,000+",nan,nan
83867,20161215,2016-12-15,Walt Disney,"5,000+",nan,nan
83868,20161216,2016-12-16,Blake Lively,"10,000+",nan,nan
83869,20161216,2016-12-16,Craig Sager,"10,000+",nan,nan
83870,20161216,2016-12-16,Joaquin Sabina,"5,000+",nan,nan
83871,20161216,2016-12-16,Juegos Del Hambre Rusia,"20,000+",nan,nan
83872,20161216,2016-12-16,Real Madrid,"50,000+",nan,nan
83873,20161216,2016-12-16,The OA,"5,000+",nan,nan
83874,20161217,2016-12-17,Ariana Grande,"10,000+",nan,nan
83875,20161217,2016-12-17,Final Mundial De Clubes 2016,"10,000+",nan,nan
83876,20161217,2016-12-17,Santiago Vazquez,"5,000+",nan,nan
83877,20161218,2016-12-18,Barça,"50,000+",nan,nan
83878,20161218,2016-12-18,FC Barcelona,"20,000+",nan,nan
83879,20161218,2016-12-18,Fútbol Club Barcelona,"20,000+",nan,nan
83880,20161218,2016-12-18,Juana La Loca,"10,000+",nan,nan
83881,20161218,2016-12-18,Nina,"5,000+",nan,nan
83882,20161218,2016-12-18,Rob Kardashian,"10,000+",nan,nan
83883,20161218,2016-12-18,Steve Biko,"5,000+",nan,nan
83884,20161219,2016-12-19,Alejandro Sanz,"10,000+",nan,nan
83885,20161219,2016-12-19,Alemania,"5,000+",nan,nan
83886,20161219,2016-12-19,Atentado Berlin 2016,"5,000+",nan,nan
83887,20161219,2016-12-19,Athletic,"20,000+",nan,nan
83888,20161219,2016-12-19,Berlin,"100,000+",nan,nan
83889,20161219,2016-12-19,Camila Cabello,"20,000+",nan,nan
83890,20161219,2016-12-19,Copa del Rey,"5,000+",nan,nan
83891,20161219,2016-12-19,Diego Lopez,"10,000+",nan,nan
83892,20161219,2016-12-19,La Opinion,"5,000+",nan,nan
83893,20161219,2016-12-19,Messi,"10,000+",nan,nan
83894,20161219,2016-12-19,Miguel Angel Silvestre,"5,000+",nan,nan
83895,20161219,2016-12-19,Shannon de Lima,"5,000+",nan,nan
83896,20161219,2016-12-19,Zsa Zsa Gabor,"20,000+",nan,nan
83897,20161219,2016-12-19,Zurich,"5,000+",nan,nan
83898,20161219,2016-12-19,embajador ruso,"20,000+",nan,nan
83899,20161219,2016-12-19,las provincias,"20,000+",nan,nan
83900,20161220,2016-12-20,Alepo,"20,000+",nan,nan
83901,20161220,2016-12-20,Bbc News,"20,000+",nan,nan
83902,20161220,2016-12-20,Blade Runner,"10,000+",nan,nan
83903,20161220,2016-12-20,CNN,"5,000+",nan,nan
83904,20161220,2016-12-20,Parejo,"10,000+",nan,nan
83905,20161220,2016-12-20,Rt,"10,000+",nan,nan
83906,20161220,2016-12-20,Tiburon Fantasma,"5,000+",nan,nan
83907,20161220,2016-12-20,quinoa,"5,000+",nan,nan
83908,20161221,2016-12-21,Canelas 2010,"5,000+",nan,nan
83909,20161221,2016-12-21,Clausula Suelo,"50,000+",nan,nan
83910,20161221,2016-12-21,Clausulas Suelo,"10,000+",nan,nan
83911,20161221,2016-12-21,Copa del Rey,"100,000+",nan,nan
83912,20161221,2016-12-21,Euribor,"5,000+",nan,nan
83913,20161221,2016-12-21,FC Barcelona,"10,000+",nan,nan
83914,20161221,2016-12-21,Laura Pausini,"5,000+",nan,nan
83915,20161221,2016-12-21,Paco de Lucía,"1,000,000+",nan,nan
83916,20161221,2016-12-21,Rafael,"5,000+",nan,nan
83917,20161221,2016-12-21,la voz,"20,000+",nan,nan
83918,20161222,2016-12-22,66513,"10,000+",nan,nan
83919,20161222,2016-12-22,Alejandro Sanz,"20,000+",nan,nan
83920,20161222,2016-12-22,Barcelona Fc,"5,000+",nan,nan
83921,20161222,2016-12-22,Betis,"20,000+",nan,nan
83922,20161222,2016-12-22,Franca Sozzani,"5,000+",nan,nan
83923,20161222,2016-12-22,Gordo de Navidad,"100,000+",nan,nan
83924,20161222,2016-12-22,Lucy Hale,"10,000+",nan,nan
83925,20161222,2016-12-22,Miguel Angel Silvestre,"10,000+",nan,nan
83926,20161222,2016-12-22,Radio,"5,000+",nan,nan
83927,20161222,2016-12-22,dislexia,"10,000+",nan,nan
83928,20161222,2016-12-22,ser,"5,000+",nan,nan
83929,20161222,2016-12-22,sorteo,"5,000+",nan,nan
83930,20161222,2016-12-22,canta,"5,000+",nan,nan
83931,20161223,2016-12-23,Assassin S Creed,"10,000+",nan,nan
83932,20161223,2016-12-23,Carrie Fisher,"5,000+",nan,nan
83933,20161223,2016-12-23,Felices fiestas,"1,000,000+",nan,nan
83934,20161223,2016-12-23,Feliz Navidad,"50,000+",nan,nan
83935,20161223,2016-12-23,Malta,"20,000+",nan,nan
83936,20161223,2016-12-23,Steam,"50,000+",nan,nan
83937,20161224,2016-12-24,Imagenes De Navidad,"10,000+",nan,nan
83938,20161224,2016-12-24,Nochebuena,"1,000,000+",nan,nan
83939,20161224,2016-12-24,Papa Noel,"50,000+",nan,nan
83940,20161224,2016-12-24,Rick Parfitt,"10,000+",nan,nan
83941,20161224,2016-12-24,Steam Caido,"5,000+",nan,nan
83942,20161224,2016-12-24,Videos De Navidad,"20,000+",nan,nan
83943,20161224,2016-12-24,Villancicos,"20,000+",nan,nan
83944,20161224,2016-12-24,mensajes de navidad,"10,000+",nan,nan
83945,20161225,2016-12-25,Alien Covenant,"5,000+",nan,nan
83946,20161225,2016-12-25,Avion Ruso,"10,000+",nan,nan
83947,20161225,2016-12-25,Feliz Navidad,"1,000,000+",nan,nan
83948,20161225,2016-12-25,Gil Parrondo,"5,000+",nan,nan
83949,20161225,2016-12-25,Mannequin Challenge,"5,000+",nan,nan
83950,20161225,2016-12-25,Michael Jackson,"5,000+",nan,nan
83951,20161225,2016-12-25,Misa del Gallo,"5,000+",nan,nan
83952,20161225,2016-12-25,Rafael,"10,000+",nan,nan
83953,20161225,2016-12-25,Terremoto Chile,"10,000+",nan,nan
83954,20161225,2016-12-25,canciones de Navidad,"10,000+",nan,nan
83955,20161225,2016-12-25,noche de paz,"5,000+",nan,nan
83956,20161226,2016-12-26,Boxing Day,"10,000+",nan,nan
83957,20161226,2016-12-26,Britney Spears,"10,000+",nan,nan
83958,20161226,2016-12-26,David Bowie,"5,000+",nan,nan
83959,20161226,2016-12-26,George Michael,"1,000,000+",nan,nan
83960,20161226,2016-12-26,Premier League,"20,000+",nan,nan
83961,20161227,2016-12-27,Blade,"5,000+",nan,nan
83962,20161227,2016-12-27,Carrie Fisher,"200,000+",nan,nan
83963,20161227,2016-12-27,Rafael,"5,000+",nan,nan
83964,20161227,2016-12-27,Raphael,"20,000+",nan,nan
83965,20161227,2016-12-27,Ricky Harris,"20,000+",nan,nan
83966,20161227,2016-12-27,Rob Schneider,"5,000+",nan,nan
83967,20161228,2016-12-28,28 de diciembre,"10,000+",nan,nan
83968,20161228,2016-12-28,Antonio Banderas,"5,000+",nan,nan
83969,20161228,2016-12-28,Contaminacion Madrid,"5,000+",nan,nan
83970,20161228,2016-12-28,Drake,"10,000+",nan,nan
83971,20161228,2016-12-28,El vuelo,"10,000+",nan,nan
83972,20161228,2016-12-28,Inocentadas 2016,"20,000+",nan,nan
83973,20161228,2016-12-28,Las Campos,"20,000+",nan,nan
83974,20161228,2016-12-28,Mel Gibson,"5,000+",nan,nan
83975,20161228,2016-12-28,Ronda Rousey,"10,000+",nan,nan
83976,20161228,2016-12-28,Tricia McCauley,"50,000+",nan,nan
83977,20161228,2016-12-28,inocentadas,"20,000+",nan,nan
83978,20161229,2016-12-29,Ana Ivanovic,"10,000+",nan,nan
83979,20161229,2016-12-29,Charles Goodyear,"5,000+",nan,nan
83980,20161229,2016-12-29,Debbie Reynolds,"200,000+",nan,nan
83981,20161229,2016-12-29,Griezmann,"5,000+",nan,nan
83982,20161229,2016-12-29,Nasri,"5,000+",nan,nan
83983,20161229,2016-12-29,Tesla,"5,000+",nan,nan
83984,20161229,2016-12-29,Trafico Madrid,"5,000+",nan,nan
83985,20161230,2016-12-30,2017,"10,000+",nan,nan
83986,20161230,2016-12-30,Donald Trump,"5,000+",nan,nan
83987,20161230,2016-12-30,Feliz 2017,"20,000+",nan,nan
83988,20161230,2016-12-30,Feliz Año Nuevo,"10,000+",nan,nan
83989,20161230,2016-12-30,Feliz año nuevo 2017,"20,000+",nan,nan
83990,20161230,2016-12-30,Prandelli,"10,000+",nan,nan
83991,20161230,2016-12-30,Robin Hood,"5,000+",nan,nan
83992,20161230,2016-12-30,Ronda Rousey,"10,000+",nan,nan
83993,20161230,2016-12-30,pasajeros,"5,000+",nan,nan
83994,20161231,2016-12-31,Campanadas 2017,"10,000+",nan,nan
83995,20161231,2016-12-31,Felicitaciones De Año Nuevo 2017,"50,000+",nan,nan
83996,20161231,2016-12-31,Felicitaciones De Fin De Año,"5,000+",nan,nan
83997,20161231,2016-12-31,Fin De Ano,"20,000+",nan,nan
83998,20161231,2016-12-31,Mensajes De Año Nuevo 2017,"5,000+",nan,nan
83999,20161231,2016-12-31,Nochevieja,"1,000,000+",nan,nan
84000,20161231,2016-12-31,Premier League,"10,000+",nan,nan
84001,20161231,2016-12-31,Rituales para fin de año,"5,000+",nan,nan
84002,20161231,2016-12-31,San Silvestre,"10,000+",nan,nan
84003,20161231,2016-12-31,felicitaciones de Año Nuevo,"100,000+",nan,nan
84004,20161231,2016-12-31,feliz Año,"20,000+",nan,nan
84005,20170101,2017-01-01,1 de enero,"5,000+",nan,nan
84006,20170101,2017-01-01,Atentado Estambul,"100,000+",nan,nan
84007,20170101,2017-01-01,Australia,"5,000+",nan,nan
84008,20170101,2017-01-01,Dakar 2017,"5,000+",nan,nan
84009,20170101,2017-01-01,Felicitaciones Año Nuevo,"5,000+",nan,nan
84010,20170101,2017-01-01,Feliz 2017,"100,000+",nan,nan
84011,20170101,2017-01-01,Festivos 2017,"5,000+",nan,nan
84012,20170101,2017-01-01,Gustavo Dudamel,"100,000+",nan,nan
84013,20170101,2017-01-01,Hollyweed,"5,000+",nan,nan
84014,20170101,2017-01-01,Mariah Carey,"10,000+",nan,nan
84015,20170101,2017-01-01,Noticias De Ultima Hora,"20,000+",nan,nan
84016,20170101,2017-01-01,Ricky Martin,"10,000+",nan,nan
84017,20170101,2017-01-01,Scarlett Johansson,"10,000+",nan,nan
84018,20170101,2017-01-01,Sing,"10,000+",nan,nan
84019,20170101,2017-01-01,campanadas,"5,000+",nan,nan
84020,20170101,2017-01-01,pasajeros,"10,000+",nan,nan
84021,20170102,2017-01-02,BBVA,"100,000+",nan,nan
84022,20170102,2017-01-02,Calendario 2017,"10,000+",nan,nan
84023,20170102,2017-01-02,El Medico,"10,000+",nan,nan
84024,20170102,2017-01-02,Eloísa González,"5,000+",nan,nan
84025,20170102,2017-01-02,Hacienda,"5,000+",nan,nan
84026,20170102,2017-01-02,Popular,"5,000+",nan,nan
84027,20170102,2017-01-02,Sherlock,"5,000+",nan,nan
84028,20170102,2017-01-02,rebajas,"10,000+",nan,nan
84029,20170103,2017-01-03,Atletico De Madrid,"10,000+",nan,nan
84030,20170103,2017-01-03,El Vuelo,"5,000+",nan,nan
84031,20170103,2017-01-03,John Berger,"10,000+",nan,nan
84032,20170103,2017-01-03,Luis Mazzeo,"5,000+",nan,nan
84033,20170103,2017-01-03,Mark Hamill,"5,000+",nan,nan
84034,20170103,2017-01-03,Valencia Celta,"5,000+",nan,nan
84035,20170104,2017-01-04,Charles Manson,"20,000+",nan,nan
84036,20170104,2017-01-04,Copa del Rey,"200,000+",nan,nan
84037,20170104,2017-01-04,Fútbol Club Barcelona,"5,000+",nan,nan
84038,20170104,2017-01-04,REAL SOCIEDAD,"5,000+",nan,nan
84039,20170104,2017-01-04,tarjeta roja,"5,000+",nan,nan
84040,20170105,2017-01-05,Athletic Barcelona,"50,000+",nan,nan
84041,20170105,2017-01-05,Chelsea,"5,000+",nan,nan
84042,20170105,2017-01-05,Monaco,"5,000+",nan,nan
84043,20170105,2017-01-05,Reyes Magos,"50,000+",nan,nan
84044,20170106,2017-01-06,Apple Watch,"5,000+",nan,nan
84045,20170106,2017-01-06,Carlos Sainz,"20,000+",nan,nan
84046,20170106,2017-01-06,Dybala,"5,000+",nan,nan
84047,20170106,2017-01-06,Ed Sheeran,"5,000+",nan,nan
84048,20170106,2017-01-06,Feliz Dia De Reyes,"10,000+",nan,nan
84049,20170106,2017-01-06,Florida,"10,000+",nan,nan
84050,20170106,2017-01-06,el niño,"50,000+",nan,nan
84051,20170106,2017-01-06,pasajeros,"10,000+",nan,nan
84052,20170106,2017-01-06,canta,"5,000+",nan,nan
84053,20170107,2017-01-07,Adidas,"20,000+",nan,nan
84054,20170107,2017-01-07,Atletico de Madrid,"10,000+",nan,nan
84055,20170107,2017-01-07,Dwayne Johnson,"5,000+",nan,nan
84056,20170107,2017-01-07,Indiana Jones,"5,000+",nan,nan
84057,20170107,2017-01-07,Liga,"5,000+",nan,nan
84058,20170107,2017-01-07,Mango,"100,000+",nan,nan
84059,20170107,2017-01-07,ROJADIRECTA,"50,000+",nan,nan
84060,20170107,2017-01-07,Sandford Fleming,"1,000,000+",nan,nan
84061,20170108,2017-01-08,ATHLETIC,"10,000+",nan,nan
84062,20170108,2017-01-08,Andre Silva,"5,000+",nan,nan
84063,20170108,2017-01-08,Barça Villarreal,"5,000+",nan,nan
84064,20170108,2017-01-08,Ben Yedder,"5,000+",nan,nan
84065,20170108,2017-01-08,Betis,"20,000+",nan,nan
84066,20170108,2017-01-08,CELTA DE VIGO,"5,000+",nan,nan
84067,20170108,2017-01-08,David Bowie,"20,000+",nan,nan
84068,20170108,2017-01-08,Futbol Hoy,"5,000+",nan,nan
84069,20170108,2017-01-08,Globos de Oro 2017,"5,000+",nan,nan
84070,20170108,2017-01-08,Mario Soares,"5,000+",nan,nan
84071,20170108,2017-01-08,NFL,"5,000+",nan,nan
84072,20170108,2017-01-08,Real Zaragoza,"10,000+",nan,nan
84073,20170108,2017-01-08,Stephen Hawking,"5,000+",nan,nan
84074,20170108,2017-01-08,Villarreal Barcelona,"100,000+",nan,nan
84075,20170108,2017-01-08,juego del Muelle,"50,000+",nan,nan
84076,20170109,2017-01-09,Elettra Lamborghini,"50,000+",nan,nan
84077,20170109,2017-01-09,Eva Longoria,"10,000+",nan,nan
84078,20170109,2017-01-09,GH VIP,"50,000+",nan,nan
84079,20170109,2017-01-09,GH VIP 5,"10,000+",nan,nan
84080,20170109,2017-01-09,Meryl Streep,"20,000+",nan,nan
84081,20170109,2017-01-09,Novia De Cristiano Ronaldo,"5,000+",nan,nan
84082,20170109,2017-01-09,Pique,"5,000+",nan,nan
84083,20170109,2017-01-09,Ryan Gosling,"50,000+",nan,nan
84084,20170109,2017-01-09,The Crown,"10,000+",nan,nan
84085,20170109,2017-01-09,U2,"5,000+",nan,nan
84086,20170109,2017-01-09,Vin Diesel,"5,000+",nan,nan
84087,20170109,2017-01-09,Zygmunt Bauman,"5,000+",nan,nan
84088,20170109,2017-01-09,blogger,"5,000+",nan,nan
84089,20170110,2017-01-10,Blake Lively,"5,000+",nan,nan
84090,20170110,2017-01-10,David Bowie,"10,000+",nan,nan
84091,20170110,2017-01-10,Derrick Rose,"5,000+",nan,nan
84092,20170110,2017-01-10,Jovetic,"10,000+",nan,nan
84093,20170110,2017-01-10,Maps Google,"10,000+",nan,nan
84094,20170110,2017-01-10,Nadia,"20,000+",nan,nan
84095,20170110,2017-01-10,Nepotismo,"5,000+",nan,nan
84096,20170110,2017-01-10,Norwegian,"20,000+",nan,nan
84097,20170110,2017-01-10,Scalebound,"10,000+",nan,nan
84098,20170111,2017-01-11,Barcelona Athletic,"200,000+",nan,nan
84099,20170111,2017-01-11,Barça,"20,000+",nan,nan
84100,20170111,2017-01-11,Dylann Roof,"5,000+",nan,nan
84101,20170111,2017-01-11,La Region,"5,000+",nan,nan
84102,20170111,2017-01-11,Obama,"5,000+",nan,nan
84103,20170111,2017-01-11,Trump,"10,000+",nan,nan
84104,20170112,2017-01-12,Celta Valencia,"5,000+",nan,nan
84105,20170112,2017-01-12,Raices,"5,000+",nan,nan
84106,20170112,2017-01-12,Selena Gomez,"20,000+",nan,nan
84107,20170113,2017-01-13,GH VIP 5,"5,000+",nan,nan
84108,20170113,2017-01-13,Gessica Notaro,"10,000+",nan,nan
84109,20170113,2017-01-13,La La Land,"20,000+",nan,nan
84110,20170113,2017-01-13,Lalaland,"5,000+",nan,nan
84111,20170113,2017-01-13,Nintendo Switch,"50,000+",nan,nan
84112,20170113,2017-01-13,Real Madrid Sevilla,"20,000+",nan,nan
84113,20170113,2017-01-13,Vuelta a España 2017,"5,000+",nan,nan
84114,20170113,2017-01-13,viernes 13,"20,000+",nan,nan
84115,20170114,2017-01-14,Alan Rickman,"5,000+",nan,nan
84116,20170114,2017-01-14,Diego Costa,"5,000+",nan,nan
84117,20170114,2017-01-14,Emma Stone,"10,000+",nan,nan
84118,20170114,2017-01-14,FC Barcelona,"20,000+",nan,nan
84119,20170114,2017-01-14,Raquel Bernal,"10,000+",nan,nan
84120,20170114,2017-01-14,Ryan Gosling,"10,000+",nan,nan
84121,20170114,2017-01-14,brujas,"5,000+",nan,nan
84122,20170114,2017-01-14,zorro congelado,"5,000+",nan,nan
84123,20170115,2017-01-15,Celta Alaves,"5,000+",nan,nan
84124,20170115,2017-01-15,Granada Osasuna,"5,000+",nan,nan
84125,20170115,2017-01-15,Leonardo Dicaprio,"5,000+",nan,nan
84126,20170115,2017-01-15,Premier League,"20,000+",nan,nan
84127,20170115,2017-01-15,Premios Forque,"20,000+",nan,nan
84128,20170115,2017-01-15,Sevilla Real Madrid,"50,000+",nan,nan
84129,20170115,2017-01-15,Sevilla vs Real Madrid,"5,000+",nan,nan
84130,20170115,2017-01-15,Zoe Saldaña,"5,000+",nan,nan
84131,20170116,2017-01-16,Arnaldo Albornoz,"5,000+",nan,nan
84132,20170116,2017-01-16,Blue Monday,"100,000+",nan,nan
84133,20170116,2017-01-16,Dia Internacional De La Croqueta,"5,000+",nan,nan
84134,20170116,2017-01-16,FITUR,"5,000+",nan,nan
84135,20170116,2017-01-16,Mujeres Hombres Y Viceversa,"5,000+",nan,nan
84136,20170116,2017-01-16,Norwegian,"20,000+",nan,nan
84137,20170116,2017-01-16,Playa del Carmen,"5,000+",nan,nan
84138,20170116,2017-01-16,Roja Directa,"10,000+",nan,nan
84139,20170116,2017-01-16,Vitolo,"5,000+",nan,nan
84140,20170116,2017-01-16,Will Smith,"5,000+",nan,nan
84141,20170116,2017-01-16,cuatro,"10,000+",nan,nan
84142,20170117,2017-01-17,Doble Tentacion,"10,000+",nan,nan
84143,20170117,2017-01-17,Juventus,"20,000+",nan,nan
84144,20170117,2017-01-17,Orellana,"20,000+",nan,nan
84145,20170117,2017-01-17,San Antonio,"5,000+",nan,nan
84146,20170117,2017-01-17,San Antonio Abad,"5,000+",nan,nan
84147,20170117,2017-01-17,van Gaal,"5,000+",nan,nan
84148,20170118,2017-01-18,Chelsea Manning,"10,000+",nan,nan
84149,20170118,2017-01-18,Murcia,"5,000+",nan,nan
84150,20170118,2017-01-18,Pamela Anderson,"5,000+",nan,nan
84151,20170118,2017-01-18,REAL MADRID,"200,000+",nan,nan
84152,20170118,2017-01-18,Terremoto Italia,"10,000+",nan,nan
84153,20170119,2017-01-19,Araujo,"5,000+",nan,nan
84154,20170119,2017-01-19,Atletico De Madrid,"20,000+",nan,nan
84155,20170119,2017-01-19,Gambia,"5,000+",nan,nan
84156,20170119,2017-01-19,Loalwa Braz,"5,000+",nan,nan
84157,20170119,2017-01-19,Nadal,"5,000+",nan,nan
84158,20170119,2017-01-19,Real Sociedad Barcelona,"50,000+",nan,nan
84159,20170119,2017-01-19,precio de la luz,"5,000+",nan,nan
84160,20170119,2017-01-19,ronda,"10,000+",nan,nan
84161,20170120,2017-01-20,Barça,"10,000+",nan,nan
84162,20170120,2017-01-20,CNN,"5,000+",nan,nan
84163,20170120,2017-01-20,Donald Trump,"100,000+",nan,nan
84164,20170120,2017-01-20,El Duelo,"10,000+",nan,nan
84165,20170120,2017-01-20,Entre Las Piernas,"5,000+",nan,nan
84166,20170120,2017-01-20,Ivana Trump,"10,000+",nan,nan
84167,20170120,2017-01-20,Miguel Ferrer,"50,000+",nan,nan
84168,20170120,2017-01-20,Rally Montecarlo,"5,000+",nan,nan
84169,20170120,2017-01-20,San Sebastian,"5,000+",nan,nan
84170,20170120,2017-01-20,Tiffany Trump,"5,000+",nan,nan
84171,20170120,2017-01-20,Trafico,"5,000+",nan,nan
84172,20170120,2017-01-20,Trump,"20,000+",nan,nan
84173,20170120,2017-01-20,WRC,"5,000+",nan,nan
84174,20170121,2017-01-21,2012,"5,000+",nan,nan
84175,20170121,2017-01-21,Islandia,"5,000+",nan,nan
84176,20170121,2017-01-21,Las Palmas,"5,000+",nan,nan
84177,20170121,2017-01-21,Lola Flores,"10,000+",nan,nan
84178,20170121,2017-01-21,Nadal,"20,000+",nan,nan
84179,20170121,2017-01-21,Prince,"5,000+",nan,nan
84180,20170121,2017-01-21,Real Madrid,"100,000+",nan,nan
84181,20170121,2017-01-21,Real Madrid Vs Malaga,"5,000+",nan,nan
84182,20170121,2017-01-21,Scarlett Johansson,"5,000+",nan,nan
84183,20170121,2017-01-21,Villarreal Valencia,"10,000+",nan,nan
84184,20170122,2017-01-22,Atletico De Madrid,"50,000+",nan,nan
84185,20170122,2017-01-22,Barcelona Hoy,"5,000+",nan,nan
84186,20170122,2017-01-22,Ben Affleck,"5,000+",nan,nan
84187,20170122,2017-01-22,Eibar Barcelona,"50,000+",nan,nan
84188,20170122,2017-01-22,Heath Ledger,"5,000+",nan,nan
84189,20170122,2017-01-22,Marcelo,"5,000+",nan,nan
84190,20170122,2017-01-22,Mischa Zverev,"10,000+",nan,nan
84191,20170122,2017-01-22,Osasuna Sevilla,"20,000+",nan,nan
84192,20170122,2017-01-22,Real Sociedad,"20,000+",nan,nan
84193,20170122,2017-01-22,red,"5,000+",nan,nan
84194,20170123,2017-01-23,Barca,"5,000+",nan,nan
84195,20170123,2017-01-23,Bimba Bose,"1,000,000+",nan,nan
84196,20170123,2017-01-23,Rafa Nadal,"20,000+",nan,nan
84197,20170123,2017-01-23,Ryan Mason,"20,000+",nan,nan
84198,20170123,2017-01-23,sin salida,"5,000+",nan,nan
84199,20170124,2017-01-24,Celta Madrid,"10,000+",nan,nan
84200,20170124,2017-01-24,Islandia,"5,000+",nan,nan
84201,20170124,2017-01-24,Kate Hudson,"5,000+",nan,nan
84202,20170124,2017-01-24,Lily Collins,"5,000+",nan,nan
84203,20170124,2017-01-24,Lucia Villalon,"5,000+",nan,nan
84204,20170124,2017-01-24,Nesquik,"10,000+",nan,nan
84205,20170124,2017-01-24,Nominaciones Oscar 2017,"20,000+",nan,nan
84206,20170124,2017-01-24,Opus Dei,"5,000+",nan,nan
84207,20170124,2017-01-24,Resident Evil 7,"10,000+",nan,nan
84208,20170124,2017-01-24,Star Wars,"20,000+",nan,nan
84209,20170125,2017-01-25,Atletico De Madrid,"20,000+",nan,nan
84210,20170125,2017-01-25,Balonmano,"5,000+",nan,nan
84211,20170125,2017-01-25,Club Atlético De Madrid,"10,000+",nan,nan
84212,20170125,2017-01-25,Danilo,"5,000+",nan,nan
84213,20170125,2017-01-25,Mary Tyler Moore,"5,000+",nan,nan
84214,20170125,2017-01-25,Mia Khalifa,"10,000+",nan,nan
84215,20170125,2017-01-25,Paris Jackson,"5,000+",nan,nan
84216,20170125,2017-01-25,Pokemon Duel,"5,000+",nan,nan
84217,20170125,2017-01-25,intersexual,"5,000+",nan,nan
84218,20170126,2017-01-26,Barcelona Real Sociedad,"50,000+",nan,nan
84219,20170126,2017-01-26,Barsa Real Sociedad,"10,000+",nan,nan
84220,20170126,2017-01-26,Bessie Coleman,"5,000+",nan,nan
84221,20170126,2017-01-26,Chile,"10,000+",nan,nan
84222,20170126,2017-01-26,David Otero,"5,000+",nan,nan
84223,20170126,2017-01-26,Ed Sheeran,"10,000+",nan,nan
84224,20170126,2017-01-26,Federer,"20,000+",nan,nan
84225,20170126,2017-01-26,HP,"5,000+",nan,nan
84226,20170126,2017-01-26,Nadal Dimitrov,"5,000+",nan,nan
84227,20170126,2017-01-26,Policia Nacional,"20,000+",nan,nan
84228,20170126,2017-01-26,Scarlett Johansson,"10,000+",nan,nan
84229,20170126,2017-01-26,Tuits Bimba Bose,"5,000+",nan,nan
84230,20170127,2017-01-27,Año Nuevo Chino,"5,000+",nan,nan
84231,20170127,2017-01-27,Año Nuevo Chino 2017,"5,000+",nan,nan
84232,20170127,2017-01-27,Beyonce,"5,000+",nan,nan
84233,20170127,2017-01-27,Eurosport,"20,000+",nan,nan
84234,20170127,2017-01-27,Horoscopo Chino,"5,000+",nan,nan
84235,20170127,2017-01-27,Lion,"5,000+",nan,nan
84236,20170127,2017-01-27,Lo Niego Todo Sabina,"10,000+",nan,nan
84237,20170127,2017-01-27,Mischa Barton,"10,000+",nan,nan
84238,20170127,2017-01-27,Osasuna,"5,000+",nan,nan
84239,20170127,2017-01-27,Semifinales Copa Del Rey,"10,000+",nan,nan
84240,20170127,2017-01-27,Shia LaBeouf,"5,000+",nan,nan
84241,20170127,2017-01-27,Split,"10,000+",nan,nan
84242,20170127,2017-01-27,Vivir de noche,"5,000+",nan,nan
84243,20170127,2017-01-27,tenis,"5,000+",nan,nan
84244,20170128,2017-01-28,Alaves Atletico De Madrid,"5,000+",nan,nan
84245,20170128,2017-01-28,Atletico De Madrid,"20,000+",nan,nan
84246,20170128,2017-01-28,El Incidente,"10,000+",nan,nan
84247,20170128,2017-01-28,Emmanuelle Riva,"5,000+",nan,nan
84248,20170128,2017-01-28,George Michael,"10,000+",nan,nan
84249,20170128,2017-01-28,John Hurt,"100,000+",nan,nan
84250,20170128,2017-01-28,Multiple,"20,000+",nan,nan
84251,20170128,2017-01-28,Pato,"5,000+",nan,nan
84252,20170128,2017-01-28,Pedro Sanchez,"5,000+",nan,nan
84253,20170128,2017-01-28,Serena Williams,"20,000+",nan,nan
84254,20170128,2017-01-28,Walter Montoya,"5,000+",nan,nan
84255,20170128,2017-01-28,bailarina,"5,000+",nan,nan
84256,20170129,2017-01-29,Betis Barcelona,"100,000+",nan,nan
84257,20170129,2017-01-29,Espanyol Sevilla,"5,000+",nan,nan
84258,20170129,2017-01-29,FA Cup,"5,000+",nan,nan
84259,20170129,2017-01-29,Las Campos,"5,000+",nan,nan
84260,20170129,2017-01-29,Madrid Real Sociedad,"10,000+",nan,nan
84261,20170129,2017-01-29,Miss Universo 2017,"5,000+",nan,nan
84262,20170129,2017-01-29,Nadal Federer Tv,"20,000+",nan,nan
84263,20170129,2017-01-29,Real Madrid,"200,000+",nan,nan
84264,20170129,2017-01-29,Real Madrid Hoy,"20,000+",nan,nan
84265,20170129,2017-01-29,Royal Rumble 2017,"5,000+",nan,nan
84266,20170130,2017-01-30,Antonio Banderas,"5,000+",nan,nan
84267,20170130,2017-01-30,Gandhi,"5,000+",nan,nan
84268,20170130,2017-01-30,Jese,"5,000+",nan,nan
84269,20170130,2017-01-30,Quebec,"10,000+",nan,nan
84270,20170130,2017-01-30,Winona Ryder,"10,000+",nan,nan
84271,20170130,2017-01-30,Youtube Videos,"5,000+",nan,nan
84272,20170131,2017-01-31,La Bella y la Bestia,"5,000+",nan,nan
84273,20170131,2017-01-31,Las Palmas,"5,000+",nan,nan
84274,20170131,2017-01-31,Premier League,"10,000+",nan,nan
84275,20170131,2017-01-31,Wayne Shaw,"5,000+",nan,nan
84276,20170131,2017-01-31,audiencias,"5,000+",nan,nan
84277,20170131,2017-01-31,múltiple,"5,000+",nan,nan
84278,20170201,2017-02-01,Atletico De Madrid Barcelona,"100,000+",nan,nan
84279,20170201,2017-02-01,Beyonce,"20,000+",nan,nan
84280,20170201,2017-02-01,Harry Styles,"5,000+",nan,nan
84281,20170201,2017-02-01,John Wetton,"5,000+",nan,nan
84282,20170201,2017-02-01,Zozulya,"20,000+",nan,nan
84283,20170201,2017-02-01,febrero,"5,000+",nan,nan
84284,20170201,2017-02-01,panga,"20,000+",nan,nan
84285,20170202,2017-02-02,2 de febrero,"5,000+",nan,nan
84286,20170202,2017-02-02,Celta Alaves,"20,000+",nan,nan
84287,20170202,2017-02-02,Dia De La Amistad,"5,000+",nan,nan
84288,20170202,2017-02-02,Dia De La Marmota,"20,000+",nan,nan
84289,20170202,2017-02-02,Ed Sheeran,"20,000+",nan,nan
84290,20170202,2017-02-02,El Asesino,"5,000+",nan,nan
84291,20170202,2017-02-02,Griezmann,"5,000+",nan,nan
84292,20170202,2017-02-02,Jared Leto,"5,000+",nan,nan
84293,20170202,2017-02-02,Myla Dalbesio,"5,000+",nan,nan
84294,20170202,2017-02-02,Podemos,"10,000+",nan,nan
84295,20170202,2017-02-02,San Blas,"5,000+",nan,nan
84296,20170202,2017-02-02,Shakira,"20,000+",nan,nan
84297,20170203,2017-02-03,Britney Spears,"5,000+",nan,nan
84298,20170203,2017-02-03,Copa Davis 2017,"5,000+",nan,nan
84299,20170203,2017-02-03,Deportivo Betis,"5,000+",nan,nan
84300,20170203,2017-02-03,Ines Sainz,"5,000+",nan,nan
84301,20170203,2017-02-03,Jason Momoa,"5,000+",nan,nan
84302,20170203,2017-02-03,Jennifer Lopez,"5,000+",nan,nan
84303,20170203,2017-02-03,Louvre,"20,000+",nan,nan
84304,20170203,2017-02-03,Lucas Hernandez,"100,000+",nan,nan
84305,20170203,2017-02-03,Ronaldinho,"5,000+",nan,nan
84306,20170203,2017-02-03,Santa Clarita Diet,"5,000+",nan,nan
84307,20170203,2017-02-03,el incidente,"5,000+",nan,nan
84308,20170204,2017-02-04,Arnold Schwarzenegger,"5,000+",nan,nan
84309,20170204,2017-02-04,Barça,"50,000+",nan,nan
84310,20170204,2017-02-04,Celta Real Madrid,"20,000+",nan,nan
84311,20170204,2017-02-04,Copa Davis,"5,000+",nan,nan
84312,20170204,2017-02-04,Dia Mundial Contra El Cancer,"20,000+",nan,nan
84313,20170204,2017-02-04,Dia Mundial Contra El Cancer 2017,"5,000+",nan,nan
84314,20170204,2017-02-04,Fernando Torres,"5,000+",nan,nan
84315,20170204,2017-02-04,Francisco,"5,000+",nan,nan
84316,20170204,2017-02-04,Los Goya 2017,"5,000+",nan,nan
84317,20170204,2017-02-04,Premios Goya,"20,000+",nan,nan
84318,20170205,2017-02-05,Alfombra Roja Goya 2017,"10,000+",nan,nan
84319,20170205,2017-02-05,Cristiano Ronaldo,"20,000+",nan,nan
84320,20170205,2017-02-05,Julieta,"5,000+",nan,nan
84321,20170205,2017-02-05,Neymar,"10,000+",nan,nan
84322,20170205,2017-02-05,Premier League,"20,000+",nan,nan
84323,20170205,2017-02-05,Rafinha,"10,000+",nan,nan
84324,20170205,2017-02-05,Real Sociedad,"10,000+",nan,nan
84325,20170205,2017-02-05,Real Sociedad Osasuna,"20,000+",nan,nan
84326,20170205,2017-02-05,Sevilla Villarreal,"10,000+",nan,nan
84327,20170205,2017-02-05,Sporting Alaves,"5,000+",nan,nan
84328,20170205,2017-02-05,podemos,"10,000+",nan,nan
84329,20170206,2017-02-06,Artur Mas,"10,000+",nan,nan
84330,20170206,2017-02-06,Jamie Lynn Spears,"5,000+",nan,nan
84331,20170206,2017-02-06,Kristen Stewart,"5,000+",nan,nan
84332,20170206,2017-02-06,Lucas Hernandez,"10,000+",nan,nan
84333,20170207,2017-02-07,Alicia Vikander,"10,000+",nan,nan
84334,20170207,2017-02-07,Barcelona Atletico De Madrid,"100,000+",nan,nan
84335,20170207,2017-02-07,Fc Barcelona,"20,000+",nan,nan
84336,20170207,2017-02-07,Johnny Depp,"5,000+",nan,nan
84337,20170207,2017-02-07,becas,"5,000+",nan,nan
84338,20170208,2017-02-08,Alaves Celta,"100,000+",nan,nan
84339,20170208,2017-02-08,Christie Brinkley,"10,000+",nan,nan
84340,20170208,2017-02-08,Dakota Johnson,"5,000+",nan,nan
84341,20170208,2017-02-08,Jackie Chan,"5,000+",nan,nan
84342,20170208,2017-02-08,Pau Dones,"10,000+",nan,nan
84343,20170208,2017-02-08,Richard Hatch,"5,000+",nan,nan
84344,20170208,2017-02-08,Rojadirecta,"10,000+",nan,nan
84345,20170208,2017-02-08,Tara Palmer Tomkinson,"5,000+",nan,nan
84346,20170208,2017-02-08,impuesto de sucesiones,"5,000+",nan,nan
84347,20170209,2017-02-09,Aretha Franklin,"5,000+",nan,nan
84348,20170209,2017-02-09,Carmen Miranda,"10,000+",nan,nan
84349,20170209,2017-02-09,Charles Oakley,"5,000+",nan,nan
84350,20170209,2017-02-09,Flamanville,"5,000+",nan,nan
84351,20170209,2017-02-09,Ivanka Trump,"10,000+",nan,nan
84352,20170209,2017-02-09,Paris,"5,000+",nan,nan
84353,20170210,2017-02-10,Ben Affleck,"5,000+",nan,nan
84354,20170210,2017-02-10,Cincuenta sombras más oscuras,"20,000+",nan,nan
84355,20170210,2017-02-10,Eclipse lunar 2017,"20,000+",nan,nan
84356,20170210,2017-02-10,George Clooney,"5,000+",nan,nan
84357,20170210,2017-02-10,Gianluca Vacchi,"5,000+",nan,nan
84358,20170210,2017-02-10,Real Sociedad,"5,000+",nan,nan
84359,20170210,2017-02-10,Taylor Swift,"5,000+",nan,nan
84360,20170210,2017-02-10,Tinder,"5,000+",nan,nan
84361,20170211,2017-02-11,Alaves Barcelona,"50,000+",nan,nan
84362,20170211,2017-02-11,Aleix Vidal,"50,000+",nan,nan
84363,20170211,2017-02-11,Aquiles,"5,000+",nan,nan
84364,20170211,2017-02-11,Betis Valencia,"20,000+",nan,nan
84365,20170211,2017-02-11,Camila Sodi,"5,000+",nan,nan
84366,20170211,2017-02-11,Cincuenta Sombras Mas Oscuras,"10,000+",nan,nan
84367,20170211,2017-02-11,Osasuna Real Madrid,"100,000+",nan,nan
84368,20170211,2017-02-11,Pablo Escobar,"10,000+",nan,nan
84369,20170211,2017-02-11,perdida,"20,000+",nan,nan
84370,20170212,2017-02-12,Al Jarreau,"10,000+",nan,nan
84371,20170212,2017-02-12,Atletico De Madrid,"20,000+",nan,nan
84372,20170212,2017-02-12,Ben Affleck,"10,000+",nan,nan
84373,20170212,2017-02-12,Brad Pitt,"10,000+",nan,nan
84374,20170212,2017-02-12,Emily Ratajkowski,"5,000+",nan,nan
84375,20170212,2017-02-12,Grammys 2017,"5,000+",nan,nan
84376,20170212,2017-02-12,Hamburgo,"5,000+",nan,nan
84377,20170212,2017-02-12,Isabel Pantoja,"10,000+",nan,nan
84378,20170212,2017-02-12,Joaquin Sabina,"5,000+",nan,nan
84379,20170212,2017-02-12,Karina,"5,000+",nan,nan
84380,20170212,2017-02-12,Las Palmas Sevilla,"10,000+",nan,nan
84381,20170212,2017-02-12,Manel Navarro,"50,000+",nan,nan
84382,20170212,2017-02-12,Podemos,"50,000+",nan,nan
84383,20170212,2017-02-12,Richard Gere,"5,000+",nan,nan
84384,20170212,2017-02-12,UD Las Palmas,"5,000+",nan,nan
84385,20170213,2017-02-13,Alicia Vikander,"5,000+",nan,nan
84386,20170213,2017-02-13,Atletico Celta,"5,000+",nan,nan
84387,20170213,2017-02-13,BAFTA,"20,000+",nan,nan
84388,20170213,2017-02-13,Champions League,"10,000+",nan,nan
84389,20170213,2017-02-13,Corazon,"5,000+",nan,nan
84390,20170213,2017-02-13,Fab Melo,"5,000+",nan,nan
84391,20170213,2017-02-13,Feliz San Valentin,"5,000+",nan,nan
84392,20170213,2017-02-13,Grammys,"5,000+",nan,nan
84393,20170213,2017-02-13,Kate Hudson,"10,000+",nan,nan
84394,20170213,2017-02-13,Oroville,"5,000+",nan,nan
84395,20170213,2017-02-13,Regalos San Valentin,"20,000+",nan,nan
84396,20170213,2017-02-13,San Valentin,"50,000+",nan,nan
84397,20170213,2017-02-13,San Valentin 2017,"10,000+",nan,nan
84398,20170213,2017-02-13,The Walking Dead,"20,000+",nan,nan
84399,20170213,2017-02-13,qué es un pangolín,"200,000+",nan,nan
84400,20170214,2017-02-14,14 de febrero,"5,000+",nan,nan
84401,20170214,2017-02-14,Bruno Mars,"5,000+",nan,nan
84402,20170214,2017-02-14,Champions,"20,000+",nan,nan
84403,20170214,2017-02-14,Cupido,"5,000+",nan,nan
84404,20170214,2017-02-14,Felicitaciones De San Valentin,"10,000+",nan,nan
84405,20170214,2017-02-14,Feliz Dia De La Amistad,"5,000+",nan,nan
84406,20170214,2017-02-14,Fotos De San Valentin,"20,000+",nan,nan
84407,20170214,2017-02-14,Frases De San Valentin,"20,000+",nan,nan
84408,20170214,2017-02-14,Gabriel Jesus,"5,000+",nan,nan
84409,20170214,2017-02-14,Kim Jong Un,"5,000+",nan,nan
84410,20170214,2017-02-14,Maradona,"5,000+",nan,nan
84411,20170214,2017-02-14,Tarjetas De San Valentin,"10,000+",nan,nan
84412,20170214,2017-02-14,Under Armour,"20,000+",nan,nan
84413,20170214,2017-02-14,Uniqlo,"20,000+",nan,nan
84414,20170214,2017-02-14,Valentine S Day,"5,000+",nan,nan
84415,20170214,2017-02-14,amor,"5,000+",nan,nan
84416,20170214,2017-02-14,corazones,"5,000+",nan,nan
84417,20170215,2017-02-15,15 de febrero,"5,000+",nan,nan
84418,20170215,2017-02-15,Arsenal,"10,000+",nan,nan
84419,20170215,2017-02-15,Barsa,"10,000+",nan,nan
84420,20170215,2017-02-15,CETA,"5,000+",nan,nan
84421,20170215,2017-02-15,Casemiro,"5,000+",nan,nan
84422,20170215,2017-02-15,Harrison Ford,"5,000+",nan,nan
84423,20170215,2017-02-15,Ivanka Trump,"10,000+",nan,nan
84424,20170215,2017-02-15,Jeremy Meeks,"5,000+",nan,nan
84425,20170215,2017-02-15,La Once,"5,000+",nan,nan
84426,20170215,2017-02-15,Madrid,"20,000+",nan,nan
84427,20170215,2017-02-15,Partido Real Madrid Hoy,"20,000+",nan,nan
84428,20170215,2017-02-15,Real Madrid,"500,000+",nan,nan
84429,20170215,2017-02-15,Sport,"200,000+",nan,nan
84430,20170215,2017-02-15,Valentina Sampaio,"5,000+",nan,nan
84431,20170216,2017-02-16,Ashton Kutcher,"5,000+",nan,nan
84432,20170216,2017-02-16,Athletic,"20,000+",nan,nan
84433,20170216,2017-02-16,Bouchard,"10,000+",nan,nan
84434,20170216,2017-02-16,Carlos Slim,"5,000+",nan,nan
84435,20170216,2017-02-16,Europa League,"20,000+",nan,nan
84436,20170216,2017-02-16,Kate Upton,"5,000+",nan,nan
84437,20170216,2017-02-16,Los 100,"5,000+",nan,nan
84438,20170216,2017-02-16,Manchester United,"5,000+",nan,nan
84439,20170216,2017-02-16,Marilyn Monroe,"5,000+",nan,nan
84440,20170216,2017-02-16,Sergio Ramos,"5,000+",nan,nan
84441,20170216,2017-02-16,Villarreal,"5,000+",nan,nan
84442,20170217,2017-02-17,Ed Sheeran,"10,000+",nan,nan
84443,20170217,2017-02-17,Felipe Gonzalez,"5,000+",nan,nan
84444,20170217,2017-02-17,Granada Betis,"5,000+",nan,nan
84445,20170217,2017-02-17,La gran muralla,"20,000+",nan,nan
84446,20170217,2017-02-17,Scarlett Byrne,"5,000+",nan,nan
84447,20170217,2017-02-17,Sentencia Caso Noos,"200,000+",nan,nan
84448,20170218,2017-02-18,All Star 2017,"10,000+",nan,nan
84449,20170218,2017-02-18,Atletico De Madrid,"20,000+",nan,nan
84450,20170218,2017-02-18,Beatriz Luengo,"10,000+",nan,nan
84451,20170218,2017-02-18,Real Madrid,"200,000+",nan,nan
84452,20170218,2017-02-18,Sindrome De Asperger,"5,000+",nan,nan
84453,20170219,2017-02-19,Athletic,"20,000+",nan,nan
84454,20170219,2017-02-19,Barcelona,"20,000+",nan,nan
84455,20170219,2017-02-19,Barcelona Leganes,"50,000+",nan,nan
84456,20170219,2017-02-19,Barça,"20,000+",nan,nan
84457,20170219,2017-02-19,Celta Osasuna,"10,000+",nan,nan
84458,20170219,2017-02-19,FA Cup,"5,000+",nan,nan
84459,20170219,2017-02-19,Fútbol Club Barcelona,"100,000+",nan,nan
84460,20170219,2017-02-19,Jennifer Lopez,"5,000+",nan,nan
84461,20170219,2017-02-19,Luka Doncic,"5,000+",nan,nan
84462,20170219,2017-02-19,Malaga,"10,000+",nan,nan
84463,20170219,2017-02-19,Real Sociedad,"20,000+",nan,nan
84464,20170219,2017-02-19,baloncesto,"5,000+",nan,nan
84465,20170219,2017-02-19,viven,"5,000+",nan,nan
84466,20170220,2017-02-20,Aceite de palma,"5,000+",nan,nan
84467,20170220,2017-02-20,Corea del Norte,"5,000+",nan,nan
84468,20170220,2017-02-20,Dia Internacional Del Gato,"5,000+",nan,nan
84469,20170220,2017-02-20,Elecciones Ecuador,"20,000+",nan,nan
84470,20170220,2017-02-20,Kurt Cobain,"10,000+",nan,nan
84471,20170220,2017-02-20,PSG,"5,000+",nan,nan
84472,20170220,2017-02-20,Zelandia,"5,000+",nan,nan
84473,20170221,2017-02-21,Atletico De Madrid,"50,000+",nan,nan
84474,20170221,2017-02-21,Bayer Leverkusen,"20,000+",nan,nan
84475,20170221,2017-02-21,Camion Butano Barcelona,"5,000+",nan,nan
84476,20170221,2017-02-21,Elena Myers,"5,000+",nan,nan
84477,20170221,2017-02-21,Lucia Villalon,"10,000+",nan,nan
84478,20170221,2017-02-21,Manchester City,"10,000+",nan,nan
84479,20170221,2017-02-21,Milo Yiannopoulos,"10,000+",nan,nan
84480,20170221,2017-02-21,The Walking Dead 7x10,"5,000+",nan,nan
84481,20170221,2017-02-21,Wayne Shaw,"10,000+",nan,nan
84482,20170222,2017-02-22,El Jueves,"10,000+",nan,nan
84483,20170222,2017-02-22,Europa League,"5,000+",nan,nan
84484,20170222,2017-02-22,Juliana Awada,"5,000+",nan,nan
84485,20170222,2017-02-22,NASA,"50,000+",nan,nan
84486,20170222,2017-02-22,Nueva Actualización De Whatsapp,"10,000+",nan,nan
84487,20170222,2017-02-22,Sevilla Leicester,"20,000+",nan,nan
84488,20170222,2017-02-22,Snapchat,"10,000+",nan,nan
84489,20170223,2017-02-23,23 de febrero,"5,000+",nan,nan
84490,20170223,2017-02-23,Athletic Club,"10,000+",nan,nan
84491,20170223,2017-02-23,Año Luz,"5,000+",nan,nan
84492,20170223,2017-02-23,Isabel Pantoja,"5,000+",nan,nan
84493,20170223,2017-02-23,Maluma,"10,000+",nan,nan
84494,20170223,2017-02-23,Pau Dones,"50,000+",nan,nan
84495,20170223,2017-02-23,Ricky Martin,"5,000+",nan,nan
84496,20170223,2017-02-23,Urdangarin,"50,000+",nan,nan
84497,20170223,2017-02-23,cuatro,"20,000+",nan,nan
84498,20170224,2017-02-24,Adrian Solano,"5,000+",nan,nan
84499,20170224,2017-02-24,Celta,"20,000+",nan,nan
84500,20170224,2017-02-24,Claudio Ranieri,"5,000+",nan,nan
84501,20170224,2017-02-24,Enrique Iglesias,"20,000+",nan,nan
84502,20170224,2017-02-24,McLaren,"20,000+",nan,nan
84503,20170224,2017-02-24,Real Sociedad,"5,000+",nan,nan
84504,20170224,2017-02-24,estibadores,"5,000+",nan,nan
84505,20170225,2017-02-25,Alaves Valencia,"10,000+",nan,nan
84506,20170225,2017-02-25,Betis Sevilla,"100,000+",nan,nan
84507,20170225,2017-02-25,Kim Kardashian,"10,000+",nan,nan
84508,20170225,2017-02-25,Ren Hang,"5,000+",nan,nan
84509,20170225,2017-02-25,leucemia,"5,000+",nan,nan
84510,20170226,2017-02-26,Athletic Granada,"5,000+",nan,nan
84511,20170226,2017-02-26,Atletico Barça,"5,000+",nan,nan
84512,20170226,2017-02-26,Barça Atletico,"10,000+",nan,nan
84513,20170226,2017-02-26,Bill Paxton,"100,000+",nan,nan
84514,20170226,2017-02-26,Huawei P10,"10,000+",nan,nan
84515,20170226,2017-02-26,LG G6,"10,000+",nan,nan
84516,20170226,2017-02-26,Manchester United,"10,000+",nan,nan
84517,20170226,2017-02-26,Mobile World Congress,"5,000+",nan,nan
84518,20170226,2017-02-26,Neil Fingleton,"20,000+",nan,nan
84519,20170226,2017-02-26,Nicky Jam,"5,000+",nan,nan
84520,20170226,2017-02-26,Nokia,"5,000+",nan,nan
84521,20170226,2017-02-26,Nokia 3310,"20,000+",nan,nan
84522,20170226,2017-02-26,Nominaciones Oscar 2017,"5,000+",nan,nan
84523,20170226,2017-02-26,Oscars 2017,"50,000+",nan,nan
84524,20170226,2017-02-26,Real Madrid,"200,000+",nan,nan
84525,20170226,2017-02-26,Sporting,"5,000+",nan,nan
84526,20170227,2017-02-27,Alfombra Roja Oscar 2017,"20,000+",nan,nan
84527,20170227,2017-02-27,Andrew Garfield,"5,000+",nan,nan
84528,20170227,2017-02-27,Asenjo,"10,000+",nan,nan
84529,20170227,2017-02-27,Blanca Blanco,"20,000+",nan,nan
84530,20170227,2017-02-27,Casey Affleck,"50,000+",nan,nan
84531,20170227,2017-02-27,Halle Berry,"5,000+",nan,nan
84532,20170227,2017-02-27,Jimmy Kimmel,"20,000+",nan,nan
84533,20170227,2017-02-27,Justin Timberlake,"10,000+",nan,nan
84534,20170227,2017-02-27,Mahershala Ali,"20,000+",nan,nan
84535,20170227,2017-02-27,Moonlight Trailer,"10,000+",nan,nan
84536,20170227,2017-02-27,Nicole Kidman,"10,000+",nan,nan
84537,20170227,2017-02-27,Oscars 2017 Online,"20,000+",nan,nan
84538,20170227,2017-02-27,Oscars 2017 Vestidos,"5,000+",nan,nan
84539,20170227,2017-02-27,Vestidos Oscar 2017,"10,000+",nan,nan
84540,20170227,2017-02-27,Viggo Mortensen,"10,000+",nan,nan
84541,20170227,2017-02-27,nene,"5,000+",nan,nan
84542,20170227,2017-02-27,nuevo Nokia 3310,"5,000+",nan,nan
84543,20170228,2017-02-28,28 de febrero,"5,000+",nan,nan
84544,20170228,2017-02-28,Andalucia,"10,000+",nan,nan
84545,20170228,2017-02-28,Horizon Zero Dawn,"5,000+",nan,nan
84546,20170228,2017-02-28,Monica Naranjo Y Marta Sanchez,"5,000+",nan,nan
84547,20170228,2017-02-28,Real Sociedad,"10,000+",nan,nan
84548,20170228,2017-02-28,drag queen,"10,000+",nan,nan
84549,20170301,2017-03-01,1 de marzo,"5,000+",nan,nan
84550,20170301,2017-03-01,Autobus,"5,000+",nan,nan
84551,20170301,2017-03-01,Barça,"20,000+",nan,nan
84552,20170301,2017-03-01,Etna,"5,000+",nan,nan
84553,20170301,2017-03-01,FC Barcelona,"100,000+",nan,nan
84554,20170301,2017-03-01,Hugh Jackman,"5,000+",nan,nan
84555,20170301,2017-03-01,Jose Mujica,"5,000+",nan,nan
84556,20170301,2017-03-01,Justin Bieber,"20,000+",nan,nan
84557,20170301,2017-03-01,Kellyanne Conway,"5,000+",nan,nan
84558,20170301,2017-03-01,Miercoles De Ceniza,"20,000+",nan,nan
84559,20170301,2017-03-01,Osasuna,"10,000+",nan,nan
84560,20170301,2017-03-01,Ozuna,"5,000+",nan,nan
84561,20170301,2017-03-01,Real Madrid Las Palmas,"100,000+",nan,nan
84562,20170301,2017-03-01,marzo,"5,000+",nan,nan
84563,20170302,2017-03-02,Clasificacion,"10,000+",nan,nan
84564,20170302,2017-03-02,Deportivo Atlético De Madrid,"10,000+",nan,nan
84565,20170302,2017-03-02,Eurodiputado polaco,"5,000+",nan,nan
84566,20170302,2017-03-02,Fernando Torres,"100,000+",nan,nan
84567,20170302,2017-03-02,Gata Cattana,"50,000+",nan,nan
84568,20170302,2017-03-02,Granada CF,"5,000+",nan,nan
84569,20170302,2017-03-02,Jonathan Viera,"5,000+",nan,nan
84570,20170302,2017-03-02,Kevin Durant,"5,000+",nan,nan
84571,20170302,2017-03-02,Sevilla Athletic,"10,000+",nan,nan
84572,20170302,2017-03-02,tarjeta roja,"5,000+",nan,nan
84573,20170303,2017-03-03,Bruno Mars,"10,000+",nan,nan
84574,20170303,2017-03-03,Ed Sheeran,"10,000+",nan,nan
84575,20170303,2017-03-03,Nintendo Switch,"20,000+",nan,nan
84576,20170303,2017-03-03,Overwatch,"5,000+",nan,nan
84577,20170303,2017-03-03,Raymond Kopa,"5,000+",nan,nan
84578,20170303,2017-03-03,Sevilla FC,"20,000+",nan,nan
84579,20170303,2017-03-03,Snapchat,"5,000+",nan,nan
84580,20170303,2017-03-03,Tinder,"10,000+",nan,nan
84581,20170303,2017-03-03,Zelda Breath Of The Wild,"5,000+",nan,nan
84582,20170304,2017-03-04,3 de marzo,"5,000+",nan,nan
84583,20170304,2017-03-04,Corrupcion Y Poder,"10,000+",nan,nan
84584,20170304,2017-03-04,Emily Blunt,"10,000+",nan,nan
84585,20170304,2017-03-04,FC Barcelona,"100,000+",nan,nan
84586,20170304,2017-03-04,Ganador De Tu Cara Me Suena,"10,000+",nan,nan
84587,20170304,2017-03-04,Gloria Trevi,"20,000+",nan,nan
84588,20170304,2017-03-04,Leganes Granada,"5,000+",nan,nan
84589,20170304,2017-03-04,Logan,"50,000+",nan,nan
84590,20170304,2017-03-04,Manchester United,"5,000+",nan,nan
84591,20170304,2017-03-04,Marc Anthony,"20,000+",nan,nan
84592,20170304,2017-03-04,Nintendo Switch Precio,"5,000+",nan,nan
84593,20170304,2017-03-04,Opel,"10,000+",nan,nan
84594,20170304,2017-03-04,Real Madrid,"200,000+",nan,nan
84595,20170304,2017-03-04,Real Madrid Hoy,"20,000+",nan,nan
84596,20170304,2017-03-04,Villarreal,"5,000+",nan,nan
84597,20170305,2017-03-05,Arsenal,"5,000+",nan,nan
84598,20170305,2017-03-05,Champions League,"5,000+",nan,nan
84599,20170305,2017-03-05,El Fraude,"10,000+",nan,nan
84600,20170305,2017-03-05,Los 100,"5,000+",nan,nan
84601,20170305,2017-03-05,Neymar,"5,000+",nan,nan
84602,20170305,2017-03-05,Paris Niza 2017,"5,000+",nan,nan
84603,20170305,2017-03-05,Sporting Deportivo,"10,000+",nan,nan
84604,20170306,2017-03-06,Alaves Sevilla,"10,000+",nan,nan
84605,20170306,2017-03-06,Chema Postigo,"5,000+",nan,nan
84606,20170306,2017-03-06,Dia De La Mujer,"5,000+",nan,nan
84607,20170306,2017-03-06,Dragon de Komodo,"5,000+",nan,nan
84608,20170306,2017-03-06,El Experimento,"5,000+",nan,nan
84609,20170306,2017-03-06,Emma Watson Vanity Fair,"5,000+",nan,nan
84610,20170306,2017-03-06,Napoles Real Madrid,"5,000+",nan,nan
84611,20170306,2017-03-06,Warrior,"5,000+",nan,nan
84612,20170307,2017-03-07,Arsenal,"10,000+",nan,nan
84613,20170307,2017-03-07,Arsenal Bayern,"10,000+",nan,nan
84614,20170307,2017-03-07,Barcelona Psg,"5,000+",nan,nan
84615,20170307,2017-03-07,Champions,"20,000+",nan,nan
84616,20170307,2017-03-07,Chelsea,"5,000+",nan,nan
84617,20170307,2017-03-07,La Voz Kids,"10,000+",nan,nan
84618,20170307,2017-03-07,Napoles,"20,000+",nan,nan
84619,20170307,2017-03-07,Wikileaks,"5,000+",nan,nan
84620,20170308,2017-03-08,8 de marzo 2017,"5,000+",nan,nan
84621,20170308,2017-03-08,Barca,"20,000+",nan,nan
84622,20170308,2017-03-08,Borussia Dortmund,"5,000+",nan,nan
84623,20170308,2017-03-08,Deportivo,"5,000+",nan,nan
84624,20170308,2017-03-08,Dia De La Mujer Trabajadora,"20,000+",nan,nan
84625,20170308,2017-03-08,Dia Del Hombre,"10,000+",nan,nan
84626,20170308,2017-03-08,Feliz Día de la Mujer,"5,000+",nan,nan
84627,20170308,2017-03-08,Frases Dia De La Mujer,"5,000+",nan,nan
84628,20170308,2017-03-08,Frida Kahlo,"20,000+",nan,nan
84629,20170308,2017-03-08,Huelga 8 De Marzo,"5,000+",nan,nan
84630,20170308,2017-03-08,Imagenes Del Dia De La Mujer,"5,000+",nan,nan
84631,20170308,2017-03-08,Liga de Campeones,"10,000+",nan,nan
84632,20170308,2017-03-08,Marion Cotillard,"5,000+",nan,nan
84633,20170308,2017-03-08,Neymar,"5,000+",nan,nan
84634,20170308,2017-03-08,feminismo,"10,000+",nan,nan
84635,20170308,2017-03-08,mujer trabajadora,"10,000+",nan,nan
84636,20170308,2017-03-08,ventana azul malta,"5,000+",nan,nan
84637,20170309,2017-03-09,Celta de Vigo,"20,000+",nan,nan
84638,20170309,2017-03-09,El Marca,"5,000+",nan,nan
84639,20170309,2017-03-09,Europa League,"20,000+",nan,nan
84640,20170309,2017-03-09,Futbol,"10,000+",nan,nan
84641,20170309,2017-03-09,Memes Barca Psg,"10,000+",nan,nan
84642,20170309,2017-03-09,Monica Hoyos Piojos,"5,000+",nan,nan
84643,20170309,2017-03-09,Mundo Deportivo,"200,000+",nan,nan
84644,20170309,2017-03-09,Ole,"5,000+",nan,nan
84645,20170309,2017-03-09,Remontada Barça,"5,000+",nan,nan
84646,20170309,2017-03-09,Repsol,"5,000+",nan,nan
84647,20170309,2017-03-09,Sport,"200,000+",nan,nan
84648,20170309,2017-03-09,UEFA,"5,000+",nan,nan
84649,20170309,2017-03-09,UEFA Europa League,"5,000+",nan,nan
84650,20170309,2017-03-09,Xabi Alonso,"20,000+",nan,nan
84651,20170309,2017-03-09,Zona Hostil,"5,000+",nan,nan
84652,20170309,2017-03-09,ser,"10,000+",nan,nan
84653,20170310,2017-03-10,Alejandro Sanz,"5,000+",nan,nan
84654,20170310,2017-03-10,Dusseldorf,"5,000+",nan,nan
84655,20170310,2017-03-10,Invasion,"5,000+",nan,nan
84656,20170310,2017-03-10,Jim Tavare,"5,000+",nan,nan
84657,20170310,2017-03-10,Kong La Isla Calavera,"5,000+",nan,nan
84658,20170310,2017-03-10,Rihanna,"5,000+",nan,nan
84659,20170310,2017-03-10,terremoto,"10,000+",nan,nan
84660,20170310,2017-03-10,yuca,"5,000+",nan,nan
84661,20170311,2017-03-11,11 M,"20,000+",nan,nan
84662,20170311,2017-03-11,11 de marzo,"5,000+",nan,nan
84663,20170311,2017-03-11,11M,"20,000+",nan,nan
84664,20170311,2017-03-11,Atletico De Madrid,"20,000+",nan,nan
84665,20170311,2017-03-11,Chuck Norris,"5,000+",nan,nan
84666,20170311,2017-03-11,Luna Llena Marzo 2017,"5,000+",nan,nan
84667,20170311,2017-03-11,Miguel Bose,"5,000+",nan,nan
84668,20170311,2017-03-11,Sevilla Leganes,"10,000+",nan,nan
84669,20170311,2017-03-11,Valencia Sporting,"10,000+",nan,nan
84670,20170311,2017-03-11,Wikileaks,"10,000+",nan,nan
84671,20170311,2017-03-11,la Terminal,"5,000+",nan,nan
84672,20170311,2017-03-11,la voz,"10,000+",nan,nan
84673,20170312,2017-03-12,Atlético de Madrid,"5,000+",nan,nan
84674,20170312,2017-03-12,Barcelona,"50,000+",nan,nan
84675,20170312,2017-03-12,Celta de Vigo,"20,000+",nan,nan
84676,20170312,2017-03-12,Changeorg Barcelona Psg,"5,000+",nan,nan
84677,20170312,2017-03-12,Cristiano Ronaldo,"20,000+",nan,nan
84678,20170312,2017-03-12,Depor Barça,"5,000+",nan,nan
84679,20170312,2017-03-12,Deportivo Barcelona,"50,000+",nan,nan
84680,20170312,2017-03-12,FC Barcelona,"50,000+",nan,nan
84681,20170312,2017-03-12,Indian Wells,"5,000+",nan,nan
84682,20170312,2017-03-12,Real Madrid,"200,000+",nan,nan
84683,20170312,2017-03-12,Real Sociedad,"50,000+",nan,nan
84684,20170312,2017-03-12,Sergio Ramos,"10,000+",nan,nan
84685,20170312,2017-03-12,Susana Diaz,"5,000+",nan,nan
84686,20170313,2017-03-13,Artur Mas,"5,000+",nan,nan
84687,20170313,2017-03-13,Chelsea Manchester United,"20,000+",nan,nan
84688,20170313,2017-03-13,Gustavo Dudamel,"20,000+",nan,nan
84689,20170313,2017-03-13,HOLI FESTIVAL,"10,000+",nan,nan
84690,20170313,2017-03-13,Luis Fonsi,"20,000+",nan,nan
84691,20170313,2017-03-13,Osasuna,"10,000+",nan,nan
84692,20170313,2017-03-13,Padilla,"10,000+",nan,nan
84693,20170314,2017-03-14,300,"5,000+",nan,nan
84694,20170314,2017-03-14,Champions League 2017,"20,000+",nan,nan
84695,20170314,2017-03-14,Emma Stone,"5,000+",nan,nan
84696,20170314,2017-03-14,Kasper Schmeichel,"5,000+",nan,nan
84697,20170314,2017-03-14,Leicester,"100,000+",nan,nan
84698,20170314,2017-03-14,Numero Pi,"5,000+",nan,nan
84699,20170314,2017-03-14,Pi,"5,000+",nan,nan
84700,20170315,2017-03-15,Atletico De Madrid,"50,000+",nan,nan
84701,20170315,2017-03-15,Atletico De Madrid Bayer Leverkusen,"20,000+",nan,nan
84702,20170315,2017-03-15,Elecciones Holanda,"20,000+",nan,nan
84703,20170315,2017-03-15,Emma Watson,"20,000+",nan,nan
84704,20170315,2017-03-15,Geert Wilders,"5,000+",nan,nan
84705,20170315,2017-03-15,Monaco Manchester City,"20,000+",nan,nan
84706,20170315,2017-03-15,OCDE,"5,000+",nan,nan
84707,20170315,2017-03-15,Will Smith,"5,000+",nan,nan
84708,20170316,2017-03-16,Cantabria,"5,000+",nan,nan
84709,20170316,2017-03-16,Celta de Vigo,"20,000+",nan,nan
84710,20170316,2017-03-16,Etna,"5,000+",nan,nan
84711,20170316,2017-03-16,Nadal,"5,000+",nan,nan
84712,20170316,2017-03-16,Peru,"5,000+",nan,nan
84713,20170316,2017-03-16,San Patricio,"10,000+",nan,nan
84714,20170316,2017-03-16,Uber,"5,000+",nan,nan
84715,20170316,2017-03-16,walking Dead,"5,000+",nan,nan
84716,20170317,2017-03-17,ETA,"10,000+",nan,nan
84717,20170317,2017-03-17,Iron Fist,"10,000+",nan,nan
84718,20170317,2017-03-17,La Bella y la Bestia,"50,000+",nan,nan
84719,20170317,2017-03-17,Level,"20,000+",nan,nan
84720,20170317,2017-03-17,San Patricio 2017,"10,000+",nan,nan
84721,20170317,2017-03-17,Sorteo Europa League,"20,000+",nan,nan
84722,20170317,2017-03-17,UEFA,"10,000+",nan,nan
84723,20170317,2017-03-17,ladrones,"5,000+",nan,nan
84724,20170318,2017-03-18,Alaves Real Sociedad,"20,000+",nan,nan
84725,20170318,2017-03-18,Athletic Club,"10,000+",nan,nan
84726,20170318,2017-03-18,Chelsea,"5,000+",nan,nan
84727,20170318,2017-03-18,Eibar Espanyol,"5,000+",nan,nan
84728,20170318,2017-03-18,Milan San Remo 2017,"5,000+",nan,nan
84729,20170318,2017-03-18,Orly,"10,000+",nan,nan
84730,20170318,2017-03-18,Quique Setien,"5,000+",nan,nan
84731,20170318,2017-03-18,Real Madrid,"200,000+",nan,nan
84732,20170319,2017-03-19,19 de marzo,"5,000+",nan,nan
84733,20170319,2017-03-19,Atletico De Madrid,"50,000+",nan,nan
84734,20170319,2017-03-19,Barcelona Valencia,"100,000+",nan,nan
84735,20170319,2017-03-19,Bruna Marquezine,"5,000+",nan,nan
84736,20170319,2017-03-19,Chuck Berry,"100,000+",nan,nan
84737,20170319,2017-03-19,Deportivo Celta,"10,000+",nan,nan
84738,20170319,2017-03-19,Girona Cadiz,"5,000+",nan,nan
84739,20170319,2017-03-19,Primavera,"5,000+",nan,nan
84740,20170319,2017-03-19,San Jose,"10,000+",nan,nan
84741,20170319,2017-03-19,día del padre,"1,000,000+",nan,nan
84742,20170320,2017-03-20,Antonio Banderas,"10,000+",nan,nan
84743,20170320,2017-03-20,Barcelona Fc,"20,000+",nan,nan
84744,20170320,2017-03-20,David Rockefeller,"20,000+",nan,nan
84745,20170320,2017-03-20,Federer,"5,000+",nan,nan
84746,20170320,2017-03-20,Once,"100,000+",nan,nan
84747,20170320,2017-03-20,colombiana,"5,000+",nan,nan
84748,20170320,2017-03-20,equinoccio de primavera,"1,000,000+",nan,nan
84749,20170320,2017-03-20,spring,"5,000+",nan,nan
84750,20170321,2017-03-21,Apple,"20,000+",nan,nan
84751,20170321,2017-03-21,Apple Store,"5,000+",nan,nan
84752,20170321,2017-03-21,Dia De La Poesia,"5,000+",nan,nan
84753,20170321,2017-03-21,Eva Mendes,"5,000+",nan,nan
84754,20170321,2017-03-21,Griezmann,"5,000+",nan,nan
84755,20170321,2017-03-21,Ivanka Trump,"5,000+",nan,nan
84756,20170321,2017-03-21,Martin McGuinness,"5,000+",nan,nan
84757,20170321,2017-03-21,Metallica,"10,000+",nan,nan
84758,20170321,2017-03-21,Sindrome De Down,"5,000+",nan,nan
84759,20170321,2017-03-21,aceite de palma,"5,000+",nan,nan
84760,20170322,2017-03-22,Ashley Graham,"10,000+",nan,nan
84761,20170322,2017-03-22,Belen Esteban,"10,000+",nan,nan
84762,20170322,2017-03-22,Dijsselbloem,"5,000+",nan,nan
84763,20170322,2017-03-22,El Tequila,"10,000+",nan,nan
84764,20170322,2017-03-22,Michel,"20,000+",nan,nan
84765,20170322,2017-03-22,Mujeres y hombres,"50,000+",nan,nan
84766,20170322,2017-03-22,Noticias Hoy,"10,000+",nan,nan
84767,20170322,2017-03-22,Noticias Ultima Hora,"5,000+",nan,nan
84768,20170322,2017-03-22,Robin Lopez,"5,000+",nan,nan
84769,20170322,2017-03-22,Ultimas Noticias,"20,000+",nan,nan
84770,20170322,2017-03-22,atentado en Londres,"500,000+",nan,nan
84771,20170323,2017-03-23,Abengoa,"5,000+",nan,nan
84772,20170323,2017-03-23,Alemania Inglaterra,"10,000+",nan,nan
84773,20170323,2017-03-23,Amberes,"20,000+",nan,nan
84774,20170323,2017-03-23,Argentina vs Chile,"5,000+",nan,nan
84775,20170323,2017-03-23,Atentado Londres 2017,"5,000+",nan,nan
84776,20170323,2017-03-23,Big Ben,"5,000+",nan,nan
84777,20170323,2017-03-23,Birmingham,"5,000+",nan,nan
84778,20170323,2017-03-23,Colombia vs Bolivia,"5,000+",nan,nan
84779,20170323,2017-03-23,Death Note,"5,000+",nan,nan
84780,20170323,2017-03-23,Hassan Fathy,"10,000+",nan,nan
84781,20170323,2017-03-23,Isco,"5,000+",nan,nan
84782,20170323,2017-03-23,Khalid Masood,"5,000+",nan,nan
84783,20170323,2017-03-23,London Attack,"5,000+",nan,nan
84784,20170323,2017-03-23,Nieve En Madrid,"5,000+",nan,nan
84785,20170323,2017-03-23,The Times,"5,000+",nan,nan
84786,20170323,2017-03-23,Tobias Ellwood,"5,000+",nan,nan
84787,20170323,2017-03-23,Ultima Hora Londres,"5,000+",nan,nan
84788,20170323,2017-03-23,haya,"5,000+",nan,nan
84789,20170323,2017-03-23,noticias,"50,000+",nan,nan
84790,20170324,2017-03-24,Armenia,"5,000+",nan,nan
84791,20170324,2017-03-24,Clasificacion Mundial 2018,"20,000+",nan,nan
84792,20170324,2017-03-24,España Israel,"100,000+",nan,nan
84793,20170324,2017-03-24,España Vs Israel,"5,000+",nan,nan
84794,20170324,2017-03-24,Johan Cruyff,"5,000+",nan,nan
84795,20170324,2017-03-24,Metallica,"10,000+",nan,nan
84796,20170324,2017-03-24,Uruguay Brasil,"10,000+",nan,nan
84797,20170324,2017-03-24,cambio de hora,"20,000+",nan,nan
84798,20170325,2017-03-25,Adele,"5,000+",nan,nan
84799,20170325,2017-03-25,Antonio Banderas,"10,000+",nan,nan
84800,20170325,2017-03-25,Devin Booker,"10,000+",nan,nan
84801,20170325,2017-03-25,James Blunt,"5,000+",nan,nan
84802,20170325,2017-03-25,Moto Gp,"10,000+",nan,nan
84803,20170325,2017-03-25,MotoGP,"20,000+",nan,nan
84804,20170326,2017-03-26,Cadiz Tenerife,"5,000+",nan,nan
84805,20170326,2017-03-26,Carrera Moto Gp,"5,000+",nan,nan
84806,20170326,2017-03-26,Hora,"50,000+",nan,nan
84807,20170326,2017-03-26,Liam Payne,"5,000+",nan,nan
84808,20170326,2017-03-26,Portugal,"5,000+",nan,nan
84809,20170326,2017-03-26,Singapur,"10,000+",nan,nan
84810,20170326,2017-03-26,Susana Diaz,"10,000+",nan,nan
84811,20170327,2017-03-27,Accidente Los Rodeos,"5,000+",nan,nan
84812,20170327,2017-03-27,EDP,"5,000+",nan,nan
84813,20170327,2017-03-27,Erika Schwarzgruber,"5,000+",nan,nan
84814,20170327,2017-03-27,leggins,"10,000+",nan,nan
84815,20170328,2017-03-28,Alicia Vikander,"10,000+",nan,nan
84816,20170328,2017-03-28,Carlos Vives,"20,000+",nan,nan
84817,20170328,2017-03-28,Deulofeu,"20,000+",nan,nan
84818,20170328,2017-03-28,Ecuador vs Colombia,"5,000+",nan,nan
84819,20170328,2017-03-28,Eliminatorias Sudamericanas,"5,000+",nan,nan
84820,20170328,2017-03-28,Francia vs España,"20,000+",nan,nan
84821,20170328,2017-03-28,Messi,"20,000+",nan,nan
84822,20170328,2017-03-28,Miguel Hernandez,"20,000+",nan,nan
84823,20170328,2017-03-28,Partido España Francia,"5,000+",nan,nan
84824,20170329,2017-03-29,Ashley Graham,"5,000+",nan,nan
84825,20170329,2017-03-29,Brexit,"10,000+",nan,nan
84826,20170329,2017-03-29,Carrero Blanco,"10,000+",nan,nan
84827,20170329,2017-03-29,Clasificacion Mundial 2018,"20,000+",nan,nan
84828,20170329,2017-03-29,Pique,"20,000+",nan,nan
84829,20170329,2017-03-29,Reese Witherspoon,"5,000+",nan,nan
84830,20170329,2017-03-29,Samsung Galaxy S8,"100,000+",nan,nan
84831,20170329,2017-03-29,VAR,"10,000+",nan,nan
84832,20170330,2017-03-30,Busto Cristiano Ronaldo,"20,000+",nan,nan
84833,20170330,2017-03-30,Claudia Cardinale,"5,000+",nan,nan
84834,20170330,2017-03-30,It,"10,000+",nan,nan
84835,20170330,2017-03-30,Venezuela,"5,000+",nan,nan
84836,20170331,2017-03-31,Abengoa,"10,000+",nan,nan
84837,20170331,2017-03-31,Betis,"5,000+",nan,nan
84838,20170331,2017-03-31,Gibraltar,"5,000+",nan,nan
84839,20170331,2017-03-31,Golpe De Estado Venezuela,"5,000+",nan,nan
84840,20170331,2017-03-31,Javier Fernandez,"5,000+",nan,nan
84841,20170331,2017-03-31,La Liga,"5,000+",nan,nan
84842,20170331,2017-03-31,Liga Bbva,"20,000+",nan,nan
84843,20170331,2017-03-31,Liga Santander,"10,000+",nan,nan
84844,20170331,2017-03-31,Monchi,"10,000+",nan,nan
84845,20170331,2017-03-31,Nadal Fognini,"5,000+",nan,nan
84846,20170331,2017-03-31,Salvajes,"5,000+",nan,nan
84847,20170331,2017-03-31,Sergei Diaghilev,"1,000,000+",nan,nan
84848,20170331,2017-03-31,Supervivientes,"5,000+",nan,nan
84849,20170331,2017-03-31,meningitis,"10,000+",nan,nan
84850,20170401,2017-04-01,1 de abril,"10,000+",nan,nan
84851,20170401,2017-04-01,April Fools Day,"10,000+",nan,nan
84852,20170401,2017-04-01,Athletic,"20,000+",nan,nan
84853,20170401,2017-04-01,Atletico De Madrid,"20,000+",nan,nan
84854,20170401,2017-04-01,Barça,"5,000+",nan,nan
84855,20170401,2017-04-01,Busto Cristiano,"5,000+",nan,nan
84856,20170401,2017-04-01,Cicinho,"5,000+",nan,nan
84857,20170401,2017-04-01,Liga,"5,000+",nan,nan
84858,20170401,2017-04-01,Nadal,"10,000+",nan,nan
84859,20170401,2017-04-01,Paraguay,"10,000+",nan,nan
84860,20170401,2017-04-01,Premier League,"20,000+",nan,nan
84861,20170401,2017-04-01,Real Sociedad,"10,000+",nan,nan
84862,20170401,2017-04-01,The Discovery,"5,000+",nan,nan
84863,20170402,2017-04-02,Arsenal,"5,000+",nan,nan
84864,20170402,2017-04-02,Barca,"5,000+",nan,nan
84865,20170402,2017-04-02,Colombia,"20,000+",nan,nan
84866,20170402,2017-04-02,Granada Barcelona,"50,000+",nan,nan
84867,20170402,2017-04-02,Granada Vs Barcelona,"10,000+",nan,nan
84868,20170402,2017-04-02,Javier Fernandez,"10,000+",nan,nan
84869,20170402,2017-04-02,Madrid Alaves,"20,000+",nan,nan
84870,20170402,2017-04-02,Real Madrid,"100,000+",nan,nan
84871,20170402,2017-04-02,Titanic,"50,000+",nan,nan
84872,20170402,2017-04-02,WrestleMania 33,"5,000+",nan,nan
84873,20170402,2017-04-02,autismo,"10,000+",nan,nan
84874,20170402,2017-04-02,tenis,"5,000+",nan,nan
84875,20170403,2017-04-03,Bruno Mars,"10,000+",nan,nan
84876,20170403,2017-04-03,Celta Las Palmas,"10,000+",nan,nan
84877,20170403,2017-04-03,Elecciones Ecuador 2017,"20,000+",nan,nan
84878,20170403,2017-04-03,Fazlur Rahman Khan,"10,000+",nan,nan
84879,20170403,2017-04-03,Gibraltar,"20,000+",nan,nan
84880,20170403,2017-04-03,Nikki Bella,"5,000+",nan,nan
84881,20170403,2017-04-03,Paula Echevarria,"200,000+",nan,nan
84882,20170403,2017-04-03,San Petersburgo,"100,000+",nan,nan
84883,20170403,2017-04-03,The Walking Dead 7x16,"5,000+",nan,nan
84884,20170404,2017-04-04,Athletic,"10,000+",nan,nan
84885,20170404,2017-04-04,Atletico De Madrid,"20,000+",nan,nan
84886,20170404,2017-04-04,Betis,"10,000+",nan,nan
84887,20170404,2017-04-04,Big Little Lies,"5,000+",nan,nan
84888,20170404,2017-04-04,Bundesliga,"5,000+",nan,nan
84889,20170404,2017-04-04,La Doña,"5,000+",nan,nan
84890,20170404,2017-04-04,Noticias Ultima Hora,"10,000+",nan,nan
84891,20170404,2017-04-04,Paco Sanz,"50,000+",nan,nan
84892,20170404,2017-04-04,Pedro Antonio Sanchez,"5,000+",nan,nan
84893,20170404,2017-04-04,Theo Hernandez,"20,000+",nan,nan
84894,20170404,2017-04-04,aceite de palma,"20,000+",nan,nan
84895,20170404,2017-04-04,nuevo billete de 50 euros,"5,000+",nan,nan
84896,20170404,2017-04-04,renta,"10,000+",nan,nan
84897,20170405,2017-04-05,Barça,"20,000+",nan,nan
84898,20170405,2017-04-05,Eleven Madison Park,"5,000+",nan,nan
84899,20170405,2017-04-05,FC Barcelona,"20,000+",nan,nan
84900,20170405,2017-04-05,FCB,"5,000+",nan,nan
84901,20170405,2017-04-05,Gas Sarin,"5,000+",nan,nan
84902,20170405,2017-04-05,Hacienda,"50,000+",nan,nan
84903,20170405,2017-04-05,Heath Ledger,"5,000+",nan,nan
84904,20170405,2017-04-05,Kurt Cobain,"5,000+",nan,nan
84905,20170405,2017-04-05,Leganes Real Madrid,"50,000+",nan,nan
84906,20170405,2017-04-05,Liga Santander,"100,000+",nan,nan
84907,20170405,2017-04-05,Premier League,"10,000+",nan,nan
84908,20170405,2017-04-05,Real Madrid Hoy,"20,000+",nan,nan
84909,20170405,2017-04-05,Resultados Liga,"10,000+",nan,nan
84910,20170405,2017-04-05,Siria,"5,000+",nan,nan
84911,20170405,2017-04-05,Venezuela,"5,000+",nan,nan
84912,20170406,2017-04-06,BARCELONA,"20,000+",nan,nan
84913,20170406,2017-04-06,Clausula Suelo,"5,000+",nan,nan
84914,20170406,2017-04-06,ELA,"20,000+",nan,nan
84915,20170406,2017-04-06,Kendall Jenner,"5,000+",nan,nan
84916,20170406,2017-04-06,Nicky Jam,"5,000+",nan,nan
84917,20170406,2017-04-06,Ricky Martin,"5,000+",nan,nan
84918,20170406,2017-04-06,Valencia Celta,"5,000+",nan,nan
84919,20170406,2017-04-06,Vin Diesel,"50,000+",nan,nan
84920,20170407,2017-04-07,Athletic,"10,000+",nan,nan
84921,20170407,2017-04-07,BBC,"5,000+",nan,nan
84922,20170407,2017-04-07,CNN,"5,000+",nan,nan
84923,20170407,2017-04-07,ETA,"5,000+",nan,nan
84924,20170407,2017-04-07,Estocolmo,"200,000+",nan,nan
84925,20170407,2017-04-07,Noticias Ultima Hora,"20,000+",nan,nan
84926,20170407,2017-04-07,Siria,"50,000+",nan,nan
84927,20170407,2017-04-07,Viernes de Dolores,"10,000+",nan,nan
84928,20170407,2017-04-07,blitz,"10,000+",nan,nan
84929,20170408,2017-04-08,Andreea Cristea,"5,000+",nan,nan
84930,20170408,2017-04-08,Barcelona,"20,000+",nan,nan
84931,20170408,2017-04-08,Barça,"20,000+",nan,nan
84932,20170408,2017-04-08,Eva Longoria,"5,000+",nan,nan
84933,20170408,2017-04-08,Ferrari Land Paloma,"5,000+",nan,nan
84934,20170408,2017-04-08,Futbol Online,"5,000+",nan,nan
84935,20170408,2017-04-08,Grand National,"10,000+",nan,nan
84936,20170408,2017-04-08,Griezmann,"10,000+",nan,nan
84937,20170408,2017-04-08,Harry Styles,"5,000+",nan,nan
84938,20170408,2017-04-08,Koke,"5,000+",nan,nan
84939,20170408,2017-04-08,Malaga Barcelona,"200,000+",nan,nan
84940,20170408,2017-04-08,MotoGP,"20,000+",nan,nan
84941,20170408,2017-04-08,Real Madrid,"200,000+",nan,nan
84942,20170408,2017-04-08,Real Madrid Atletico,"200,000+",nan,nan
84943,20170408,2017-04-08,Sevilla Deportivo,"10,000+",nan,nan
84944,20170409,2017-04-09,Betis,"10,000+",nan,nan
84945,20170409,2017-04-09,Carmen Chacon,"1,000,000+",nan,nan
84946,20170409,2017-04-09,Domingo de Ramos,"20,000+",nan,nan
84947,20170409,2017-04-09,Emma Stone,"10,000+",nan,nan
84948,20170409,2017-04-09,Formula 1,"50,000+",nan,nan
84949,20170409,2017-04-09,Kameni,"5,000+",nan,nan
84950,20170409,2017-04-09,Master Augusta 2017,"10,000+",nan,nan
84951,20170409,2017-04-09,Mundo Deportivo,"100,000+",nan,nan
84952,20170409,2017-04-09,Noticias Ultima Hora,"20,000+",nan,nan
84953,20170409,2017-04-09,Paris Roubaix 2017,"20,000+",nan,nan
84954,20170409,2017-04-09,Spiderman,"5,000+",nan,nan
84955,20170409,2017-04-09,Sport,"100,000+",nan,nan
84956,20170409,2017-04-09,Titanic,"20,000+",nan,nan
84957,20170409,2017-04-09,iglesia copta,"10,000+",nan,nan
84958,20170410,2017-04-10,Champions League,"10,000+",nan,nan
84959,20170410,2017-04-10,Irina Shayk,"20,000+",nan,nan
84960,20170410,2017-04-10,Motogp,"50,000+",nan,nan
84961,20170410,2017-04-10,Real Sociedad,"20,000+",nan,nan
84962,20170410,2017-04-10,Ricardo Darin,"5,000+",nan,nan
84963,20170410,2017-04-10,Thor Ragnarok,"5,000+",nan,nan
84964,20170410,2017-04-10,Tony Adams,"5,000+",nan,nan
84965,20170410,2017-04-10,Ultimas Noticias,"20,000+",nan,nan
84966,20170410,2017-04-10,la isla,"10,000+",nan,nan
84967,20170410,2017-04-10,noticias,"50,000+",nan,nan
84968,20170411,2017-04-11,Antena 3,"20,000+",nan,nan
84969,20170411,2017-04-11,Arsenal,"5,000+",nan,nan
84970,20170411,2017-04-11,Atentado,"10,000+",nan,nan
84971,20170411,2017-04-11,Barça,"20,000+",nan,nan
84972,20170411,2017-04-11,Corea del Norte,"5,000+",nan,nan
84973,20170411,2017-04-11,Dybala,"500,000+",nan,nan
84974,20170411,2017-04-11,Harry Potter,"10,000+",nan,nan
84975,20170411,2017-04-11,Luna Rosa,"5,000+",nan,nan
84976,20170411,2017-04-11,Marc Bartra,"200,000+",nan,nan
84977,20170411,2017-04-11,Sancion A Neymar,"5,000+",nan,nan
84978,20170411,2017-04-11,Uniqlo,"10,000+",nan,nan
84979,20170411,2017-04-11,United Airlines,"10,000+",nan,nan
84980,20170412,2017-04-12,500 millas de Indianapolis,"20,000+",nan,nan
84981,20170412,2017-04-12,Atletico De Madrid,"200,000+",nan,nan
84982,20170412,2017-04-12,Bayern Real Madrid,"500,000+",nan,nan
84983,20170412,2017-04-12,Bein Sports,"10,000+",nan,nan
84984,20170412,2017-04-12,Charlie Murphy,"5,000+",nan,nan
84985,20170412,2017-04-12,Higuain,"5,000+",nan,nan
84986,20170412,2017-04-12,Jude Law,"5,000+",nan,nan
84987,20170412,2017-04-12,La Voz,"5,000+",nan,nan
84988,20170412,2017-04-12,Mandzukic,"5,000+",nan,nan
84989,20170412,2017-04-12,Noticias Ultima Hora,"20,000+",nan,nan
84990,20170412,2017-04-12,Ribery,"10,000+",nan,nan
84991,20170412,2017-04-12,Sofia Vergara,"5,000+",nan,nan
84992,20170412,2017-04-12,Sport,"200,000+",nan,nan
84993,20170412,2017-04-12,Ultimas Noticias,"20,000+",nan,nan
84994,20170413,2017-04-13,Abigail Breslin,"5,000+",nan,nan
84995,20170413,2017-04-13,Afganistan,"20,000+",nan,nan
84996,20170413,2017-04-13,Autodraw,"5,000+",nan,nan
84997,20170413,2017-04-13,Clay Adler,"10,000+",nan,nan
84998,20170413,2017-04-13,Dia Internacional Del Beso,"20,000+",nan,nan
84999,20170413,2017-04-13,Europa League,"50,000+",nan,nan
85000,20170413,2017-04-13,Jueves Santo,"10,000+",nan,nan
85001,20170413,2017-04-13,Jueves Santo 2017,"10,000+",nan,nan
85002,20170413,2017-04-13,MOAB,"10,000+",nan,nan
85003,20170413,2017-04-13,Manchester United,"5,000+",nan,nan
85004,20170413,2017-04-13,Mbappe,"5,000+",nan,nan
85005,20170413,2017-04-13,Trump,"10,000+",nan,nan
85006,20170414,2017-04-14,14 Abril,"10,000+",nan,nan
85007,20170414,2017-04-14,14 de abril,"10,000+",nan,nan
85008,20170414,2017-04-14,Athletic Las Palmas,"5,000+",nan,nan
85009,20170414,2017-04-14,Gran Hermano Vip,"200,000+",nan,nan
85010,20170414,2017-04-14,Martin Elias,"10,000+",nan,nan
85011,20170414,2017-04-14,Semana Santa Sevilla,"10,000+",nan,nan
85012,20170414,2017-04-14,Sevilla,"20,000+",nan,nan
85013,20170414,2017-04-14,Star Wars,"10,000+",nan,nan
85014,20170414,2017-04-14,Uefa Europa League,"5,000+",nan,nan
85015,20170414,2017-04-14,Viernes Santo 2017,"5,000+",nan,nan
85016,20170414,2017-04-14,republica,"5,000+",nan,nan
85017,20170415,2017-04-15,Atletico De Madrid Hoy,"5,000+",nan,nan
85018,20170415,2017-04-15,Atletico Madrid,"20,000+",nan,nan
85019,20170415,2017-04-15,Barcelona Real Sociedad,"50,000+",nan,nan
85020,20170415,2017-04-15,Barcelona vs Real Sociedad,"10,000+",nan,nan
85021,20170415,2017-04-15,Centurion,"5,000+",nan,nan
85022,20170415,2017-04-15,Coachella,"20,000+",nan,nan
85023,20170415,2017-04-15,Corea del Norte,"20,000+",nan,nan
85024,20170415,2017-04-15,Emma Watson,"10,000+",nan,nan
85025,20170415,2017-04-15,Sporting Real Madrid,"100,000+",nan,nan
85026,20170415,2017-04-15,Titanic,"5,000+",nan,nan
85027,20170416,2017-04-16,Amstel Gold Race 2017,"5,000+",nan,nan
85028,20170416,2017-04-16,Angelina Jolie,"5,000+",nan,nan
85029,20170416,2017-04-16,Atletico De Madrid,"20,000+",nan,nan
85030,20170416,2017-04-16,Ben Affleck,"5,000+",nan,nan
85031,20170416,2017-04-16,Chelsea,"5,000+",nan,nan
85032,20170416,2017-04-16,Domingo De Resurreccion,"10,000+",nan,nan
85033,20170416,2017-04-16,Felices Pascuas,"5,000+",nan,nan
85034,20170416,2017-04-16,Feliz Pascua,"10,000+",nan,nan
85035,20170416,2017-04-16,Granada Celta,"5,000+",nan,nan
85036,20170416,2017-04-16,Isaiah Thomas,"5,000+",nan,nan
85037,20170416,2017-04-16,Leganes Espanyol,"5,000+",nan,nan
85038,20170416,2017-04-16,NBA,"20,000+",nan,nan
85039,20170416,2017-04-16,Pascua,"5,000+",nan,nan
85040,20170416,2017-04-16,Trafico,"10,000+",nan,nan
85041,20170416,2017-04-16,Urbi et Orbi,"5,000+",nan,nan
85042,20170416,2017-04-16,Valencia Sevilla,"20,000+",nan,nan
85043,20170417,2017-04-17,Alaves Villarreal,"5,000+",nan,nan
85044,20170417,2017-04-17,Bastia,"5,000+",nan,nan
85045,20170417,2017-04-17,Celta de Vigo,"5,000+",nan,nan
85046,20170417,2017-04-17,Cleveland,"10,000+",nan,nan
85047,20170417,2017-04-17,Despacito Justin Bieber,"50,000+",nan,nan
85048,20170417,2017-04-17,Eduardo Rodrigo,"5,000+",nan,nan
85049,20170417,2017-04-17,Erdogan,"5,000+",nan,nan
85050,20170417,2017-04-17,Kristen Stewart,"5,000+",nan,nan
85051,20170417,2017-04-17,Lunes de Pascua,"5,000+",nan,nan
85052,20170417,2017-04-17,Manchester United,"10,000+",nan,nan
85053,20170417,2017-04-17,Mona De Pascua,"5,000+",nan,nan
85054,20170418,2017-04-18,Arjen Robben,"5,000+",nan,nan
85055,20170418,2017-04-18,Atletico De Madrid,"200,000+",nan,nan
85056,20170418,2017-04-18,Esther Afua Ocloo,"10,000+",nan,nan
85057,20170418,2017-04-18,Google Earth,"10,000+",nan,nan
85058,20170418,2017-04-18,Jim Carrey,"5,000+",nan,nan
85059,20170418,2017-04-18,Madrid,"20,000+",nan,nan
85060,20170418,2017-04-18,Marcelo,"5,000+",nan,nan
85061,20170418,2017-04-18,Marco Asensio,"10,000+",nan,nan
85062,20170418,2017-04-18,Real Madrid,"500,000+",nan,nan
85063,20170418,2017-04-18,Real Madrid Hoy,"100,000+",nan,nan
85064,20170418,2017-04-18,Robben,"20,000+",nan,nan
85065,20170418,2017-04-18,Sergio Ramos,"10,000+",nan,nan
85066,20170419,2017-04-19,Aaron Hernandez,"10,000+",nan,nan
85067,20170419,2017-04-19,Adriana Lima,"5,000+",nan,nan
85068,20170419,2017-04-19,Amazon Pay,"5,000+",nan,nan
85069,20170419,2017-04-19,Atleti,"5,000+",nan,nan
85070,20170419,2017-04-19,Barcelona,"50,000+",nan,nan
85071,20170419,2017-04-19,Barcelona Juventus,"200,000+",nan,nan
85072,20170419,2017-04-19,Barça,"50,000+",nan,nan
85073,20170419,2017-04-19,Buffon,"10,000+",nan,nan
85074,20170419,2017-04-19,Camp Nou,"5,000+",nan,nan
85075,20170419,2017-04-19,Flecha Valona 2017,"10,000+",nan,nan
85076,20170419,2017-04-19,Keylor Navas,"5,000+",nan,nan
85077,20170419,2017-04-19,La Razon,"50,000+",nan,nan
85078,20170419,2017-04-19,Marhuenda,"20,000+",nan,nan
85079,20170419,2017-04-19,Monaco Dortmund,"20,000+",nan,nan
85080,20170419,2017-04-19,Resultado Barcelona,"5,000+",nan,nan
85081,20170419,2017-04-19,Resultado Real Madrid Hoy,"5,000+",nan,nan
85082,20170419,2017-04-19,Theresa May,"5,000+",nan,nan
85083,20170419,2017-04-19,Xiaomi Mi6,"20,000+",nan,nan
85084,20170419,2017-04-19,roben,"5,000+",nan,nan
85085,20170420,2017-04-20,20 de abril,"20,000+",nan,nan
85086,20170420,2017-04-20,420,"5,000+",nan,nan
85087,20170420,2017-04-20,Billy Monger,"10,000+",nan,nan
85088,20170420,2017-04-20,Bonucci,"10,000+",nan,nan
85089,20170420,2017-04-20,Dani Alves,"5,000+",nan,nan
85090,20170420,2017-04-20,Eduardo Mendoza,"20,000+",nan,nan
85091,20170420,2017-04-20,Genk Celta,"10,000+",nan,nan
85092,20170420,2017-04-20,Indra,"10,000+",nan,nan
85093,20170420,2017-04-20,Irina Shayk,"10,000+",nan,nan
85094,20170420,2017-04-20,Julia Roberts,"10,000+",nan,nan
85095,20170420,2017-04-20,OHL,"10,000+",nan,nan
85096,20170420,2017-04-20,Operacion Lezo,"5,000+",nan,nan
85097,20170420,2017-04-20,Paris,"100,000+",nan,nan
85098,20170420,2017-04-20,Real Madrid Barcelona,"5,000+",nan,nan
85099,20170420,2017-04-20,Rosanna Zanetti,"10,000+",nan,nan
85100,20170420,2017-04-20,Serena Williams,"10,000+",nan,nan
85101,20170420,2017-04-20,Sorteo Champions,"10,000+",nan,nan
85102,20170420,2017-04-20,Venezuela,"10,000+",nan,nan
85103,20170421,2017-04-21,Altamira,"5,000+",nan,nan
85104,20170421,2017-04-21,Elecciones Francia,"5,000+",nan,nan
85105,20170421,2017-04-21,Europa League,"100,000+",nan,nan
85106,20170421,2017-04-21,Hitler,"5,000+",nan,nan
85107,20170421,2017-04-21,La Sexta,"20,000+",nan,nan
85108,20170421,2017-04-21,Manchester United,"20,000+",nan,nan
85109,20170421,2017-04-21,Supervivientes 2017,"50,000+",nan,nan
85110,20170422,2017-04-22,Bruno Mars,"5,000+",nan,nan
85111,20170422,2017-04-22,Chelsea,"10,000+",nan,nan
85112,20170422,2017-04-22,Español Atletico De Madrid,"5,000+",nan,nan
85113,20170422,2017-04-22,Ezequiel Garay,"5,000+",nan,nan
85114,20170422,2017-04-22,La Provincia,"20,000+",nan,nan
85115,20170422,2017-04-22,Madrid Barcelona,"20,000+",nan,nan
85116,20170422,2017-04-22,Nadal,"10,000+",nan,nan
85117,20170422,2017-04-22,Real Madrid Barcelona,"20,000+",nan,nan
85118,20170422,2017-04-22,Scarponi,"50,000+",nan,nan
85119,20170422,2017-04-22,qué Puedes Hacer Tú Por La Tierra,"100,000+",nan,nan
85120,20170423,2017-04-23,23 de abril,"5,000+",nan,nan
85121,20170423,2017-04-23,Arsenal,"10,000+",nan,nan
85122,20170423,2017-04-23,Barça Hoy,"10,000+",nan,nan
85123,20170423,2017-04-23,Celta Betis,"20,000+",nan,nan
85124,20170423,2017-04-23,Cristiano Ronaldo,"20,000+",nan,nan
85125,20170423,2017-04-23,Dia Del Libro,"20,000+",nan,nan
85126,20170423,2017-04-23,Elecciones Francia,"200,000+",nan,nan
85127,20170423,2017-04-23,Jesus Cintora,"10,000+",nan,nan
85128,20170423,2017-04-23,Macron,"50,000+",nan,nan
85129,20170423,2017-04-23,Marco Asensio,"10,000+",nan,nan
85130,20170423,2017-04-23,Mobdro,"10,000+",nan,nan
85131,20170423,2017-04-23,Radio,"5,000+",nan,nan
85132,20170423,2017-04-23,Real Sociedad,"20,000+",nan,nan
85133,20170423,2017-04-23,Rosa,"10,000+",nan,nan
85134,20170423,2017-04-23,Salma Hayek,"5,000+",nan,nan
85135,20170423,2017-04-23,San Jorge,"20,000+",nan,nan
85136,20170423,2017-04-23,Sant Jordi,"50,000+",nan,nan
85137,20170423,2017-04-23,futbol,"10,000+",nan,nan
85138,20170423,2017-04-23,partido de hoy,"10,000+",nan,nan
85139,20170423,2017-04-23,ser,"5,000+",nan,nan
85140,20170424,2017-04-24,Amber Heard,"5,000+",nan,nan
85141,20170424,2017-04-24,Asensio,"5,000+",nan,nan
85142,20170424,2017-04-24,Bale,"5,000+",nan,nan
85143,20170424,2017-04-24,Erin Moran,"5,000+",nan,nan
85144,20170424,2017-04-24,Esperanza Aguirre,"50,000+",nan,nan
85145,20170424,2017-04-24,Guardianes de la Galaxia,"10,000+",nan,nan
85146,20170424,2017-04-24,Julia Roberts,"10,000+",nan,nan
85147,20170424,2017-04-24,Liberation,"5,000+",nan,nan
85148,20170424,2017-04-24,Madrid Barça,"20,000+",nan,nan
85149,20170424,2017-04-24,María Zambrano,"1,000,000+",nan,nan
85150,20170424,2017-04-24,Masterchef 2017,"20,000+",nan,nan
85151,20170424,2017-04-24,Mega,"10,000+",nan,nan
85152,20170424,2017-04-24,Moto Gp,"20,000+",nan,nan
85153,20170424,2017-04-24,Mundo Deportivo,"200,000+",nan,nan
85154,20170424,2017-04-24,Palomo Linares,"200,000+",nan,nan
85155,20170424,2017-04-24,Ter Stegen,"5,000+",nan,nan
85156,20170424,2017-04-24,Zidane,"5,000+",nan,nan
85157,20170424,2017-04-24,en marcha,"5,000+",nan,nan
85158,20170424,2017-04-24,marca,"500,000+",nan,nan
85159,20170424,2017-04-24,papas,"5,000+",nan,nan
85160,20170425,2017-04-25,25 de abril,"10,000+",nan,nan
85161,20170425,2017-04-25,Chelsea,"5,000+",nan,nan
85162,20170425,2017-04-25,Chris Pratt,"5,000+",nan,nan
85163,20170425,2017-04-25,Guardianes de la Galaxia 2,"10,000+",nan,nan
85164,20170425,2017-04-25,Heath Ledger,"5,000+",nan,nan
85165,20170425,2017-04-25,Kim Kardashian,"10,000+",nan,nan
85166,20170425,2017-04-25,Renfe,"200,000+",nan,nan
85167,20170425,2017-04-25,San Marcos,"10,000+",nan,nan
85168,20170425,2017-04-25,Servir y Proteger,"5,000+",nan,nan
85169,20170425,2017-04-25,Sporting,"5,000+",nan,nan
85170,20170426,2017-04-26,Arsenal,"5,000+",nan,nan
85171,20170426,2017-04-26,Call of Duty,"5,000+",nan,nan
85172,20170426,2017-04-26,Deportivo Real Madrid,"200,000+",nan,nan
85173,20170426,2017-04-26,Gernika,"5,000+",nan,nan
85174,20170426,2017-04-26,Gladiator,"10,000+",nan,nan
85175,20170426,2017-04-26,Guernica,"20,000+",nan,nan
85176,20170426,2017-04-26,Jeremy Meeks,"5,000+",nan,nan
85177,20170426,2017-04-26,Jonathan Demme,"10,000+",nan,nan
85178,20170426,2017-04-26,Liga española,"10,000+",nan,nan
85179,20170426,2017-04-26,Mascherano,"20,000+",nan,nan
85180,20170426,2017-04-26,Resultados Liga,"10,000+",nan,nan
85181,20170426,2017-04-26,Uber,"5,000+",nan,nan
85182,20170426,2017-04-26,sonda Cassini,"1,000,000+",nan,nan
85183,20170427,2017-04-27,Alaves Eibar,"5,000+",nan,nan
85184,20170427,2017-04-27,Antonio Banderas,"5,000+",nan,nan
85185,20170427,2017-04-27,Guardianes de la Galaxia,"10,000+",nan,nan
85186,20170427,2017-04-27,Isco,"10,000+",nan,nan
85187,20170427,2017-04-27,Joaquin Cortes,"5,000+",nan,nan
85188,20170427,2017-04-27,Madrid,"20,000+",nan,nan
85189,20170427,2017-04-27,Manchester City,"5,000+",nan,nan
85190,20170427,2017-04-27,Mocion De Censura,"10,000+",nan,nan
85191,20170427,2017-04-27,Pablo Escobar,"5,000+",nan,nan
85192,20170427,2017-04-27,Partido Real Madrid,"5,000+",nan,nan
85193,20170427,2017-04-27,Partido Real Madrid Hoy,"5,000+",nan,nan
85194,20170427,2017-04-27,Pichichi de la Liga,"5,000+",nan,nan
85195,20170427,2017-04-27,Sevilla Celta,"10,000+",nan,nan
85196,20170427,2017-04-27,conejo gigante,"5,000+",nan,nan
85197,20170428,2017-04-28,Jennifer Lopez,"10,000+",nan,nan
85198,20170428,2017-04-28,La Chica Del Tranvia,"5,000+",nan,nan
85199,20170428,2017-04-28,Las chicas del cable,"20,000+",nan,nan
85200,20170428,2017-04-28,Marie Harel,"5,000+",nan,nan
85201,20170428,2017-04-28,Michael Mantenuto,"20,000+",nan,nan
85202,20170428,2017-04-28,Sareb,"10,000+",nan,nan
85203,20170428,2017-04-28,ballena azul,"100,000+",nan,nan
85204,20170429,2017-04-29,Barcelona,"50,000+",nan,nan
85205,20170429,2017-04-29,Barça,"100,000+",nan,nan
85206,20170429,2017-04-29,Dominic Thiem,"10,000+",nan,nan
85207,20170429,2017-04-29,Fútbol Club Barcelona,"200,000+",nan,nan
85208,20170429,2017-04-29,Guernica,"5,000+",nan,nan
85209,20170429,2017-04-29,Julio Iglesias,"5,000+",nan,nan
85210,20170429,2017-04-29,La Liga Bbva,"5,000+",nan,nan
85211,20170429,2017-04-29,Las Palmas Atletico,"5,000+",nan,nan
85212,20170429,2017-04-29,Luis Miguel,"5,000+",nan,nan
85213,20170429,2017-04-29,Marcelo,"5,000+",nan,nan
85214,20170429,2017-04-29,Partido Real Madrid,"10,000+",nan,nan
85215,20170429,2017-04-29,Real Madrid,"200,000+",nan,nan
85216,20170429,2017-04-29,Real Madrid Hoy,"100,000+",nan,nan
85217,20170429,2017-04-29,Real Madrid vs Valencia,"20,000+",nan,nan
85218,20170429,2017-04-29,Villarreal,"5,000+",nan,nan
85219,20170430,2017-04-30,1 de mayo,"5,000+",nan,nan
85220,20170430,2017-04-30,Angelina Jolie,"5,000+",nan,nan
85221,20170430,2017-04-30,Athletic,"10,000+",nan,nan
85222,20170430,2017-04-30,Celta Athletic,"10,000+",nan,nan
85223,20170430,2017-04-30,Formula 1,"20,000+",nan,nan
85224,20170430,2017-04-30,Osasuna,"5,000+",nan,nan
85225,20170430,2017-04-30,Ueli Steck,"20,000+",nan,nan
85226,20170501,2017-05-01,2 de mayo,"5,000+",nan,nan
85227,20170501,2017-05-01,Chelsea,"5,000+",nan,nan
85228,20170501,2017-05-01,Día de la Madre,"5,000+",nan,nan
85229,20170501,2017-05-01,Feliz Dia Del Trabajador,"10,000+",nan,nan
85230,20170501,2017-05-01,Iberostar Tenerife,"5,000+",nan,nan
85231,20170501,2017-05-01,Jessica Chastain,"5,000+",nan,nan
85232,20170501,2017-05-01,Real Madrid Atletico,"5,000+",nan,nan
85233,20170501,2017-05-01,Val Kilmer,"5,000+",nan,nan
85234,20170502,2017-05-02,Champions League 2017,"200,000+",nan,nan
85235,20170502,2017-05-02,Griezmann,"10,000+",nan,nan
85236,20170502,2017-05-02,Juventus,"5,000+",nan,nan
85237,20170502,2017-05-02,Kendall Jenner,"5,000+",nan,nan
85238,20170502,2017-05-02,Madrid Atleti,"10,000+",nan,nan
85239,20170502,2017-05-02,Marcelo,"5,000+",nan,nan
85240,20170502,2017-05-02,Met Gala 2017,"20,000+",nan,nan
85241,20170502,2017-05-02,Real Madrid,"200,000+",nan,nan
85242,20170502,2017-05-02,Real Madrid Club De Fútbol,"50,000+",nan,nan
85243,20170503,2017-05-03,Bella Hadid,"5,000+",nan,nan
85244,20170503,2017-05-03,Bruce Hampton,"5,000+",nan,nan
85245,20170503,2017-05-03,Carvajal,"10,000+",nan,nan
85246,20170503,2017-05-03,Emma Marrone,"5,000+",nan,nan
85247,20170503,2017-05-03,Europa League,"5,000+",nan,nan
85248,20170503,2017-05-03,Isaiah Thomas,"5,000+",nan,nan
85249,20170503,2017-05-03,Jaylene Cook,"10,000+",nan,nan
85250,20170503,2017-05-03,Luis Miguel,"5,000+",nan,nan
85251,20170503,2017-05-03,Mbappe,"5,000+",nan,nan
85252,20170503,2017-05-03,Monaco Fc,"10,000+",nan,nan
85253,20170503,2017-05-03,WhatsApp no funciona,"5,000+",nan,nan
85254,20170504,2017-05-04,Ajax,"5,000+",nan,nan
85255,20170504,2017-05-04,BBC,"10,000+",nan,nan
85256,20170504,2017-05-04,Brad Pitt,"10,000+",nan,nan
85257,20170504,2017-05-04,Fernando Alonso,"10,000+",nan,nan
85258,20170504,2017-05-04,Karelis Hernandez,"5,000+",nan,nan
85259,20170504,2017-05-04,Leopoldo Lopez,"10,000+",nan,nan
85260,20170504,2017-05-04,No Va Whatsapp,"5,000+",nan,nan
85261,20170504,2017-05-04,Que Pasa Con Whatsapp,"5,000+",nan,nan
85262,20170504,2017-05-04,Reina de Inglaterra,"50,000+",nan,nan
85263,20170504,2017-05-04,Rosario Flores,"10,000+",nan,nan
85264,20170504,2017-05-04,Star Wars,"20,000+",nan,nan
